product_a,product_b,times_bought_together
PROD0183,PROD0343,3
PROD0006,PROD0234,2
PROD0007,PROD0018,2
PROD0007,PROD0391,2
PROD0009,PROD0125,2
PROD0009,PROD0430,2
PROD0012,PROD0096,2
PROD0020,PROD0371,2
PROD0022,PROD0304,2
PROD0024,PROD0399,2
PROD0029,PROD0172,2
PROD0029,PROD0181,2
PROD0029,PROD0235,2
PROD0033,PROD0366,2
PROD0042,PROD0355,2
PROD0042,PROD0433,2
PROD0046,PROD0347,2
PROD0052,PROD0387,2
PROD0055,PROD0391,2
PROD0058,PROD0476,2
PROD0062,PROD0184,2
PROD0062,PROD0435,2
PROD0077,PROD0428,2
PROD0084,PROD0478,2
PROD0086,PROD0360,2
PROD0091,PROD0247,2
PROD0093,PROD0458,2
PROD0094,PROD0125,2
PROD0104,PROD0302,2
PROD0104,PROD0451,2
PROD0106,PROD0178,2
PROD0109,PROD0153,2
PROD0111,PROD0279,2
PROD0121,PROD0159,2
PROD0122,PROD0322,2
PROD0123,PROD0380,2
PROD0125,PROD0424,2
PROD0126,PROD0241,2
PROD0127,PROD0209,2
PROD0131,PROD0453,2
PROD0132,PROD0241,2
PROD0132,PROD0394,2
PROD0139,PROD0370,2
PROD0153,PROD0231,2
PROD0153,PROD0386,2
PROD0154,PROD0485,2
PROD0155,PROD0306,2
PROD0157,PROD0184,2
PROD0162,PROD0323,2
PROD0165,PROD0221,2
PROD0166,PROD0283,2
PROD0166,PROD0343,2
PROD0176,PROD0182,2
PROD0176,PROD0477,2
PROD0183,PROD0370,2
PROD0188,PROD0325,2
PROD0194,PROD0246,2
PROD0197,PROD0299,2
PROD0198,PROD0419,2
PROD0205,PROD0397,2
PROD0208,PROD0224,2
PROD0208,PROD0235,2
PROD0217,PROD0336,2
PROD0221,PROD0484,2
PROD0222,PROD0360,2
PROD0225,PROD0305,2
PROD0261,PROD0321,2
PROD0264,PROD0378,2
PROD0265,PROD0493,2
PROD0267,PROD0393,2
PROD0281,PROD0292,2
PROD0290,PROD0483,2
PROD0295,PROD0484,2
PROD0313,PROD0386,2
PROD0317,PROD0441,2
PROD0327,PROD0440,2
PROD0336,PROD0363,2
PROD0348,PROD0435,2
PROD0359,PROD0371,2
PROD0359,PROD0413,2
PROD0367,PROD0468,2
PROD0378,PROD0410,2
PROD0395,PROD0479,2
PROD0396,PROD0428,2
PROD0397,PROD0476,2
PROD0407,PROD0476,2
PROD0001,PROD0048,1
PROD0001,PROD0184,1
PROD0001,PROD0235,1
PROD0001,PROD0272,1
PROD0001,PROD0299,1
PROD0001,PROD0302,1
PROD0001,PROD0330,1
PROD0001,PROD0343,1
PROD0001,PROD0348,1
PROD0001,PROD0370,1
PROD0001,PROD0382,1
PROD0001,PROD0431,1
PROD0001,PROD0435,1
PROD0001,PROD0452,1
PROD0001,PROD0481,1
PROD0002,PROD0007,1
PROD0002,PROD0013,1
PROD0002,PROD0052,1
PROD0002,PROD0073,1
PROD0002,PROD0086,1
PROD0002,PROD0115,1
PROD0002,PROD0131,1
PROD0002,PROD0139,1
PROD0002,PROD0162,1
PROD0002,PROD0165,1
PROD0002,PROD0171,1
PROD0002,PROD0221,1
PROD0002,PROD0225,1
PROD0002,PROD0233,1
PROD0002,PROD0247,1
PROD0002,PROD0258,1
PROD0002,PROD0279,1
PROD0002,PROD0305,1
PROD0002,PROD0315,1
PROD0002,PROD0328,1
PROD0002,PROD0335,1
PROD0002,PROD0358,1
PROD0002,PROD0361,1
PROD0002,PROD0362,1
PROD0002,PROD0370,1
PROD0002,PROD0386,1
PROD0002,PROD0410,1
PROD0002,PROD0441,1
PROD0002,PROD0460,1
PROD0002,PROD0471,1
PROD0002,PROD0499,1
PROD0003,PROD0029,1
PROD0003,PROD0052,1
PROD0003,PROD0118,1
PROD0003,PROD0122,1
PROD0003,PROD0131,1
PROD0003,PROD0170,1
PROD0003,PROD0181,1
PROD0003,PROD0308,1
PROD0003,PROD0314,1
PROD0003,PROD0316,1
PROD0003,PROD0387,1
PROD0003,PROD0482,1
PROD0003,PROD0496,1
PROD0004,PROD0044,1
PROD0004,PROD0100,1
PROD0004,PROD0175,1
PROD0005,PROD0217,1
PROD0005,PROD0295,1
PROD0005,PROD0383,1
PROD0005,PROD0464,1
PROD0006,PROD0022,1
PROD0006,PROD0047,1
PROD0006,PROD0068,1
PROD0006,PROD0077,1
PROD0006,PROD0131,1
PROD0006,PROD0141,1
PROD0006,PROD0161,1
PROD0006,PROD0201,1
PROD0006,PROD0202,1
PROD0006,PROD0208,1
PROD0006,PROD0214,1
PROD0006,PROD0223,1
PROD0006,PROD0233,1
PROD0006,PROD0262,1
PROD0006,PROD0310,1
PROD0006,PROD0387,1
PROD0006,PROD0396,1
PROD0006,PROD0428,1
PROD0006,PROD0451,1
PROD0006,PROD0461,1
PROD0006,PROD0463,1
PROD0006,PROD0467,1
PROD0007,PROD0020,1
PROD0007,PROD0022,1
PROD0007,PROD0048,1
PROD0007,PROD0058,1
PROD0007,PROD0065,1
PROD0007,PROD0073,1
PROD0007,PROD0093,1
PROD0007,PROD0096,1
PROD0007,PROD0106,1
PROD0007,PROD0123,1
PROD0007,PROD0132,1
PROD0007,PROD0175,1
PROD0007,PROD0176,1
PROD0007,PROD0183,1
PROD0007,PROD0232,1
PROD0007,PROD0237,1
PROD0007,PROD0243,1
PROD0007,PROD0252,1
PROD0007,PROD0264,1
PROD0007,PROD0265,1
PROD0007,PROD0271,1
PROD0007,PROD0274,1
PROD0007,PROD0275,1
PROD0007,PROD0298,1
PROD0007,PROD0311,1
PROD0007,PROD0343,1
PROD0007,PROD0357,1
PROD0007,PROD0362,1
PROD0007,PROD0370,1
PROD0007,PROD0375,1
PROD0007,PROD0376,1
PROD0007,PROD0386,1
PROD0007,PROD0406,1
PROD0007,PROD0421,1
PROD0007,PROD0428,1
PROD0007,PROD0455,1
PROD0007,PROD0456,1
PROD0007,PROD0472,1
PROD0007,PROD0477,1
PROD0007,PROD0478,1
PROD0007,PROD0489,1
PROD0007,PROD0493,1
PROD0007,PROD0497,1
PROD0007,PROD0499,1
PROD0008,PROD0109,1
PROD0008,PROD0128,1
PROD0008,PROD0130,1
PROD0008,PROD0145,1
PROD0008,PROD0168,1
PROD0008,PROD0198,1
PROD0008,PROD0206,1
PROD0008,PROD0247,1
PROD0008,PROD0275,1
PROD0008,PROD0295,1
PROD0008,PROD0326,1
PROD0008,PROD0338,1
PROD0008,PROD0356,1
PROD0009,PROD0019,1
PROD0009,PROD0020,1
PROD0009,PROD0069,1
PROD0009,PROD0082,1
PROD0009,PROD0099,1
PROD0009,PROD0102,1
PROD0009,PROD0109,1
PROD0009,PROD0132,1
PROD0009,PROD0170,1
PROD0009,PROD0188,1
PROD0009,PROD0238,1
PROD0009,PROD0254,1
PROD0009,PROD0255,1
PROD0009,PROD0256,1
PROD0009,PROD0264,1
PROD0009,PROD0308,1
PROD0009,PROD0325,1
PROD0009,PROD0394,1
PROD0009,PROD0428,1
PROD0009,PROD0432,1
PROD0009,PROD0458,1
PROD0009,PROD0467,1
PROD0010,PROD0016,1
PROD0010,PROD0042,1
PROD0010,PROD0076,1
PROD0010,PROD0220,1
PROD0010,PROD0230,1
PROD0010,PROD0235,1
PROD0010,PROD0297,1
PROD0010,PROD0367,1
PROD0010,PROD0395,1
PROD0010,PROD0399,1
PROD0010,PROD0468,1
PROD0010,PROD0479,1
PROD0011,PROD0047,1
PROD0011,PROD0055,1
PROD0011,PROD0095,1
PROD0011,PROD0207,1
PROD0011,PROD0213,1
PROD0011,PROD0220,1
PROD0011,PROD0227,1
PROD0011,PROD0296,1
PROD0011,PROD0315,1
PROD0011,PROD0342,1
PROD0011,PROD0346,1
PROD0011,PROD0391,1
PROD0011,PROD0393,1
PROD0011,PROD0488,1
PROD0011,PROD0496,1
PROD0012,PROD0027,1
PROD0012,PROD0036,1
PROD0012,PROD0061,1
PROD0012,PROD0098,1
PROD0012,PROD0162,1
PROD0012,PROD0254,1
PROD0012,PROD0265,1
PROD0012,PROD0314,1
PROD0012,PROD0329,1
PROD0012,PROD0441,1
PROD0012,PROD0445,1
PROD0013,PROD0029,1
PROD0013,PROD0053,1
PROD0013,PROD0115,1
PROD0013,PROD0133,1
PROD0013,PROD0153,1
PROD0013,PROD0169,1
PROD0013,PROD0184,1
PROD0013,PROD0233,1
PROD0013,PROD0243,1
PROD0013,PROD0275,1
PROD0013,PROD0304,1
PROD0013,PROD0319,1
PROD0013,PROD0342,1
PROD0013,PROD0344,1
PROD0013,PROD0394,1
PROD0013,PROD0423,1
PROD0013,PROD0468,1
PROD0013,PROD0485,1
PROD0013,PROD0493,1
PROD0014,PROD0043,1
PROD0014,PROD0055,1
PROD0014,PROD0106,1
PROD0014,PROD0160,1
PROD0014,PROD0178,1
PROD0014,PROD0181,1
PROD0014,PROD0223,1
PROD0014,PROD0259,1
PROD0014,PROD0275,1
PROD0014,PROD0283,1
PROD0014,PROD0340,1
PROD0014,PROD0371,1
PROD0014,PROD0405,1
PROD0014,PROD0459,1
PROD0015,PROD0145,1
PROD0015,PROD0244,1
PROD0015,PROD0340,1
PROD0015,PROD0374,1
PROD0015,PROD0378,1
PROD0015,PROD0484,1
PROD0016,PROD0045,1
PROD0016,PROD0127,1
PROD0016,PROD0130,1
PROD0016,PROD0136,1
PROD0016,PROD0160,1
PROD0016,PROD0290,1
PROD0016,PROD0331,1
PROD0016,PROD0348,1
PROD0016,PROD0363,1
PROD0016,PROD0369,1
PROD0016,PROD0418,1
PROD0016,PROD0446,1
PROD0016,PROD0468,1
PROD0017,PROD0033,1
PROD0017,PROD0127,1
PROD0017,PROD0150,1
PROD0017,PROD0165,1
PROD0017,PROD0195,1
PROD0017,PROD0221,1
PROD0017,PROD0229,1
PROD0017,PROD0306,1
PROD0017,PROD0346,1
PROD0017,PROD0411,1
PROD0017,PROD0426,1
PROD0017,PROD0464,1
PROD0017,PROD0488,1
PROD0018,PROD0041,1
PROD0018,PROD0058,1
PROD0018,PROD0134,1
PROD0018,PROD0166,1
PROD0018,PROD0186,1
PROD0018,PROD0231,1
PROD0018,PROD0248,1
PROD0018,PROD0265,1
PROD0018,PROD0343,1
PROD0018,PROD0344,1
PROD0018,PROD0357,1
PROD0018,PROD0359,1
PROD0018,PROD0363,1
PROD0018,PROD0376,1
PROD0018,PROD0387,1
PROD0018,PROD0391,1
PROD0018,PROD0400,1
PROD0018,PROD0411,1
PROD0018,PROD0424,1
PROD0018,PROD0455,1
PROD0018,PROD0476,1
PROD0018,PROD0493,1
PROD0019,PROD0020,1
PROD0019,PROD0023,1
PROD0019,PROD0045,1
PROD0019,PROD0064,1
PROD0019,PROD0075,1
PROD0019,PROD0099,1
PROD0019,PROD0112,1
PROD0019,PROD0188,1
PROD0019,PROD0253,1
PROD0019,PROD0271,1
PROD0019,PROD0305,1
PROD0019,PROD0316,1
PROD0019,PROD0321,1
PROD0019,PROD0349,1
PROD0019,PROD0394,1
PROD0019,PROD0466,1
PROD0019,PROD0467,1
PROD0019,PROD0498,1
PROD0020,PROD0022,1
PROD0020,PROD0029,1
PROD0020,PROD0033,1
PROD0020,PROD0045,1
PROD0020,PROD0064,1
PROD0020,PROD0077,1
PROD0020,PROD0103,1
PROD0020,PROD0125,1
PROD0020,PROD0127,1
PROD0020,PROD0132,1
PROD0020,PROD0179,1
PROD0020,PROD0188,1
PROD0020,PROD0209,1
PROD0020,PROD0225,1
PROD0020,PROD0240,1
PROD0020,PROD0245,1
PROD0020,PROD0257,1
PROD0020,PROD0258,1
PROD0020,PROD0261,1
PROD0020,PROD0262,1
PROD0020,PROD0264,1
PROD0020,PROD0275,1
PROD0020,PROD0305,1
PROD0020,PROD0321,1
PROD0020,PROD0338,1
PROD0020,PROD0342,1
PROD0020,PROD0349,1
PROD0020,PROD0366,1
PROD0020,PROD0373,1
PROD0020,PROD0378,1
PROD0020,PROD0394,1
PROD0020,PROD0412,1
PROD0020,PROD0432,1
PROD0020,PROD0458,1
PROD0020,PROD0466,1
PROD0020,PROD0476,1
PROD0020,PROD0478,1
PROD0020,PROD0482,1
PROD0021,PROD0034,1
PROD0021,PROD0046,1
PROD0021,PROD0123,1
PROD0021,PROD0136,1
PROD0021,PROD0162,1
PROD0021,PROD0168,1
PROD0021,PROD0183,1
PROD0021,PROD0214,1
PROD0021,PROD0250,1
PROD0021,PROD0257,1
PROD0021,PROD0320,1
PROD0021,PROD0343,1
PROD0021,PROD0347,1
PROD0021,PROD0358,1
PROD0021,PROD0380,1
PROD0021,PROD0445,1
PROD0021,PROD0446,1
PROD0021,PROD0465,1
PROD0021,PROD0497,1
PROD0022,PROD0023,1
PROD0022,PROD0068,1
PROD0022,PROD0149,1
PROD0022,PROD0153,1
PROD0022,PROD0176,1
PROD0022,PROD0182,1
PROD0022,PROD0193,1
PROD0022,PROD0210,1
PROD0022,PROD0211,1
PROD0022,PROD0219,1
PROD0022,PROD0267,1
PROD0022,PROD0275,1
PROD0022,PROD0295,1
PROD0022,PROD0309,1
PROD0022,PROD0332,1
PROD0022,PROD0343,1
PROD0022,PROD0386,1
PROD0022,PROD0387,1
PROD0022,PROD0467,1
PROD0022,PROD0473,1
PROD0022,PROD0478,1
PROD0022,PROD0484,1
PROD0023,PROD0040,1
PROD0023,PROD0075,1
PROD0023,PROD0131,1
PROD0023,PROD0148,1
PROD0023,PROD0151,1
PROD0023,PROD0199,1
PROD0023,PROD0205,1
PROD0023,PROD0211,1
PROD0023,PROD0238,1
PROD0023,PROD0242,1
PROD0023,PROD0271,1
PROD0023,PROD0304,1
PROD0023,PROD0323,1
PROD0023,PROD0387,1
PROD0023,PROD0394,1
PROD0023,PROD0404,1
PROD0023,PROD0463,1
PROD0023,PROD0465,1
PROD0023,PROD0467,1
PROD0023,PROD0468,1
PROD0024,PROD0049,1
PROD0024,PROD0089,1
PROD0024,PROD0107,1
PROD0024,PROD0113,1
PROD0024,PROD0220,1
PROD0024,PROD0257,1
PROD0024,PROD0430,1
PROD0024,PROD0500,1
PROD0025,PROD0030,1
PROD0025,PROD0033,1
PROD0025,PROD0082,1
PROD0025,PROD0084,1
PROD0025,PROD0098,1
PROD0025,PROD0127,1
PROD0025,PROD0150,1
PROD0025,PROD0161,1
PROD0025,PROD0176,1
PROD0025,PROD0244,1
PROD0025,PROD0266,1
PROD0025,PROD0317,1
PROD0025,PROD0366,1
PROD0025,PROD0367,1
PROD0025,PROD0417,1
PROD0025,PROD0437,1
PROD0025,PROD0477,1
PROD0025,PROD0497,1
PROD0026,PROD0027,1
PROD0026,PROD0061,1
PROD0026,PROD0094,1
PROD0026,PROD0125,1
PROD0026,PROD0137,1
PROD0026,PROD0141,1
PROD0026,PROD0158,1
PROD0026,PROD0189,1
PROD0026,PROD0320,1
PROD0026,PROD0326,1
PROD0026,PROD0435,1
PROD0026,PROD0472,1
PROD0027,PROD0036,1
PROD0027,PROD0061,1
PROD0027,PROD0077,1
PROD0027,PROD0090,1
PROD0027,PROD0109,1
PROD0027,PROD0137,1
PROD0027,PROD0166,1
PROD0027,PROD0203,1
PROD0027,PROD0205,1
PROD0027,PROD0246,1
PROD0027,PROD0268,1
PROD0027,PROD0271,1
PROD0027,PROD0301,1
PROD0027,PROD0320,1
PROD0027,PROD0329,1
PROD0027,PROD0353,1
PROD0027,PROD0355,1
PROD0027,PROD0365,1
PROD0027,PROD0414,1
PROD0027,PROD0441,1
PROD0027,PROD0445,1
PROD0027,PROD0458,1
PROD0027,PROD0472,1
PROD0028,PROD0076,1
PROD0028,PROD0092,1
PROD0028,PROD0093,1
PROD0028,PROD0109,1
PROD0028,PROD0123,1
PROD0028,PROD0153,1
PROD0028,PROD0157,1
PROD0028,PROD0176,1
PROD0028,PROD0207,1
PROD0028,PROD0229,1
PROD0028,PROD0237,1
PROD0028,PROD0243,1
PROD0028,PROD0254,1
PROD0028,PROD0318,1
PROD0028,PROD0376,1
PROD0028,PROD0409,1
PROD0028,PROD0472,1
PROD0029,PROD0034,1
PROD0029,PROD0037,1
PROD0029,PROD0045,1
PROD0029,PROD0053,1
PROD0029,PROD0056,1
PROD0029,PROD0062,1
PROD0029,PROD0068,1
PROD0029,PROD0087,1
PROD0029,PROD0104,1
PROD0029,PROD0116,1
PROD0029,PROD0117,1
PROD0029,PROD0118,1
PROD0029,PROD0133,1
PROD0029,PROD0159,1
PROD0029,PROD0160,1
PROD0029,PROD0179,1
PROD0029,PROD0183,1
PROD0029,PROD0203,1
PROD0029,PROD0211,1
PROD0029,PROD0217,1
PROD0029,PROD0220,1
PROD0029,PROD0232,1
PROD0029,PROD0241,1
PROD0029,PROD0245,1
PROD0029,PROD0292,1
PROD0029,PROD0316,1
PROD0029,PROD0321,1
PROD0029,PROD0336,1
PROD0029,PROD0342,1
PROD0029,PROD0346,1
PROD0029,PROD0358,1
PROD0029,PROD0360,1
PROD0029,PROD0363,1
PROD0029,PROD0391,1
PROD0029,PROD0412,1
PROD0029,PROD0416,1
PROD0029,PROD0426,1
PROD0029,PROD0434,1
PROD0029,PROD0440,1
PROD0029,PROD0444,1
PROD0029,PROD0464,1
PROD0029,PROD0475,1
PROD0029,PROD0479,1
PROD0029,PROD0482,1
PROD0029,PROD0489,1
PROD0029,PROD0497,1
PROD0030,PROD0037,1
PROD0030,PROD0081,1
PROD0030,PROD0182,1
PROD0030,PROD0244,1
PROD0030,PROD0290,1
PROD0030,PROD0317,1
PROD0030,PROD0318,1
PROD0030,PROD0329,1
PROD0030,PROD0376,1
PROD0030,PROD0416,1
PROD0030,PROD0467,1
PROD0030,PROD0500,1
PROD0031,PROD0038,1
PROD0031,PROD0084,1
PROD0031,PROD0088,1
PROD0031,PROD0103,1
PROD0031,PROD0162,1
PROD0031,PROD0163,1
PROD0031,PROD0208,1
PROD0031,PROD0210,1
PROD0031,PROD0262,1
PROD0031,PROD0291,1
PROD0031,PROD0304,1
PROD0031,PROD0323,1
PROD0031,PROD0354,1
PROD0031,PROD0377,1
PROD0031,PROD0425,1
PROD0031,PROD0426,1
PROD0031,PROD0466,1
PROD0031,PROD0497,1
PROD0032,PROD0127,1
PROD0032,PROD0144,1
PROD0032,PROD0206,1
PROD0032,PROD0285,1
PROD0032,PROD0331,1
PROD0032,PROD0342,1
PROD0032,PROD0349,1
PROD0032,PROD0414,1
PROD0032,PROD0415,1
PROD0032,PROD0484,1
PROD0033,PROD0083,1
PROD0033,PROD0084,1
PROD0033,PROD0098,1
PROD0033,PROD0161,1
PROD0033,PROD0176,1
PROD0033,PROD0199,1
PROD0033,PROD0240,1
PROD0033,PROD0297,1
PROD0033,PROD0331,1
PROD0033,PROD0338,1
PROD0033,PROD0367,1
PROD0033,PROD0411,1
PROD0033,PROD0437,1
PROD0033,PROD0477,1
PROD0034,PROD0068,1
PROD0034,PROD0107,1
PROD0034,PROD0136,1
PROD0034,PROD0169,1
PROD0034,PROD0172,1
PROD0034,PROD0183,1
PROD0034,PROD0250,1
PROD0034,PROD0267,1
PROD0034,PROD0301,1
PROD0034,PROD0328,1
PROD0034,PROD0335,1
PROD0034,PROD0343,1
PROD0034,PROD0352,1
PROD0034,PROD0358,1
PROD0034,PROD0386,1
PROD0034,PROD0456,1
PROD0034,PROD0465,1
PROD0034,PROD0497,1
PROD0035,PROD0085,1
PROD0035,PROD0088,1
PROD0035,PROD0101,1
PROD0035,PROD0111,1
PROD0035,PROD0150,1
PROD0035,PROD0159,1
PROD0035,PROD0167,1
PROD0035,PROD0191,1
PROD0035,PROD0197,1
PROD0035,PROD0203,1
PROD0035,PROD0208,1
PROD0035,PROD0221,1
PROD0035,PROD0238,1
PROD0035,PROD0267,1
PROD0035,PROD0279,1
PROD0035,PROD0299,1
PROD0035,PROD0322,1
PROD0035,PROD0330,1
PROD0035,PROD0334,1
PROD0035,PROD0336,1
PROD0035,PROD0349,1
PROD0035,PROD0363,1
PROD0035,PROD0408,1
PROD0035,PROD0434,1
PROD0035,PROD0480,1
PROD0035,PROD0483,1
PROD0035,PROD0494,1
PROD0036,PROD0062,1
PROD0036,PROD0068,1
PROD0036,PROD0078,1
PROD0036,PROD0105,1
PROD0036,PROD0171,1
PROD0036,PROD0250,1
PROD0036,PROD0291,1
PROD0036,PROD0329,1
PROD0036,PROD0394,1
PROD0036,PROD0403,1
PROD0036,PROD0409,1
PROD0036,PROD0435,1
PROD0036,PROD0441,1
PROD0036,PROD0445,1
PROD0036,PROD0489,1
PROD0037,PROD0056,1
PROD0037,PROD0081,1
PROD0037,PROD0094,1
PROD0037,PROD0119,1
PROD0037,PROD0159,1
PROD0037,PROD0160,1
PROD0037,PROD0164,1
PROD0037,PROD0169,1
PROD0037,PROD0172,1
PROD0037,PROD0214,1
PROD0037,PROD0292,1
PROD0037,PROD0303,1
PROD0037,PROD0312,1
PROD0037,PROD0320,1
PROD0037,PROD0355,1
PROD0037,PROD0363,1
PROD0037,PROD0367,1
PROD0037,PROD0372,1
PROD0037,PROD0397,1
PROD0037,PROD0400,1
PROD0037,PROD0415,1
PROD0037,PROD0421,1
PROD0037,PROD0461,1
PROD0037,PROD0467,1
PROD0037,PROD0497,1
PROD0038,PROD0141,1
PROD0038,PROD0210,1
PROD0038,PROD0257,1
PROD0038,PROD0335,1
PROD0038,PROD0336,1
PROD0039,PROD0072,1
PROD0039,PROD0096,1
PROD0039,PROD0099,1
PROD0039,PROD0107,1
PROD0039,PROD0148,1
PROD0039,PROD0150,1
PROD0039,PROD0214,1
PROD0039,PROD0268,1
PROD0039,PROD0300,1
PROD0039,PROD0318,1
PROD0039,PROD0320,1
PROD0039,PROD0355,1
PROD0039,PROD0409,1
PROD0039,PROD0459,1
PROD0040,PROD0042,1
PROD0040,PROD0066,1
PROD0040,PROD0146,1
PROD0040,PROD0167,1
PROD0040,PROD0171,1
PROD0040,PROD0185,1
PROD0040,PROD0209,1
PROD0040,PROD0214,1
PROD0040,PROD0309,1
PROD0040,PROD0380,1
PROD0040,PROD0403,1
PROD0040,PROD0433,1
PROD0040,PROD0495,1
PROD0041,PROD0060,1
PROD0041,PROD0109,1
PROD0041,PROD0139,1
PROD0041,PROD0142,1
PROD0041,PROD0182,1
PROD0041,PROD0193,1
PROD0041,PROD0220,1
PROD0041,PROD0248,1
PROD0041,PROD0263,1
PROD0041,PROD0284,1
PROD0041,PROD0297,1
PROD0041,PROD0298,1
PROD0041,PROD0307,1
PROD0041,PROD0322,1
PROD0041,PROD0338,1
PROD0041,PROD0352,1
PROD0041,PROD0358,1
PROD0041,PROD0466,1
PROD0042,PROD0044,1
PROD0042,PROD0045,1
PROD0042,PROD0066,1
PROD0042,PROD0093,1
PROD0042,PROD0094,1
PROD0042,PROD0122,1
PROD0042,PROD0127,1
PROD0042,PROD0143,1
PROD0042,PROD0161,1
PROD0042,PROD0181,1
PROD0042,PROD0208,1
PROD0042,PROD0209,1
PROD0042,PROD0230,1
PROD0042,PROD0231,1
PROD0042,PROD0247,1
PROD0042,PROD0256,1
PROD0042,PROD0267,1
PROD0042,PROD0273,1
PROD0042,PROD0274,1
PROD0042,PROD0284,1
PROD0042,PROD0299,1
PROD0042,PROD0312,1
PROD0042,PROD0313,1
PROD0042,PROD0317,1
PROD0042,PROD0329,1
PROD0042,PROD0347,1
PROD0042,PROD0348,1
PROD0042,PROD0362,1
PROD0042,PROD0365,1
PROD0042,PROD0376,1
PROD0042,PROD0389,1
PROD0042,PROD0390,1
PROD0042,PROD0399,1
PROD0042,PROD0400,1
PROD0042,PROD0403,1
PROD0042,PROD0435,1
PROD0042,PROD0437,1
PROD0042,PROD0458,1
PROD0042,PROD0496,1
PROD0043,PROD0046,1
PROD0043,PROD0055,1
PROD0043,PROD0078,1
PROD0043,PROD0146,1
PROD0043,PROD0158,1
PROD0043,PROD0163,1
PROD0043,PROD0249,1
PROD0043,PROD0269,1
PROD0043,PROD0290,1
PROD0043,PROD0382,1
PROD0043,PROD0420,1
PROD0043,PROD0432,1
PROD0044,PROD0054,1
PROD0044,PROD0100,1
PROD0044,PROD0181,1
PROD0044,PROD0261,1
PROD0044,PROD0315,1
PROD0044,PROD0347,1
PROD0044,PROD0348,1
PROD0044,PROD0362,1
PROD0044,PROD0388,1
PROD0044,PROD0410,1
PROD0044,PROD0424,1
PROD0044,PROD0428,1
PROD0044,PROD0430,1
PROD0044,PROD0433,1
PROD0044,PROD0455,1
PROD0044,PROD0488,1
PROD0045,PROD0064,1
PROD0045,PROD0094,1
PROD0045,PROD0101,1
PROD0045,PROD0136,1
PROD0045,PROD0154,1
PROD0045,PROD0160,1
PROD0045,PROD0188,1
PROD0045,PROD0198,1
PROD0045,PROD0264,1
PROD0045,PROD0295,1
PROD0045,PROD0305,1
PROD0045,PROD0335,1
PROD0045,PROD0349,1
PROD0045,PROD0351,1
PROD0045,PROD0360,1
PROD0045,PROD0369,1
PROD0045,PROD0378,1
PROD0045,PROD0406,1
PROD0045,PROD0410,1
PROD0045,PROD0419,1
PROD0045,PROD0422,1
PROD0045,PROD0437,1
PROD0045,PROD0446,1
PROD0045,PROD0466,1
PROD0045,PROD0468,1
PROD0045,PROD0479,1
PROD0045,PROD0491,1
PROD0046,PROD0136,1
PROD0046,PROD0162,1
PROD0046,PROD0168,1
PROD0046,PROD0208,1
PROD0046,PROD0238,1
PROD0046,PROD0249,1
PROD0046,PROD0290,1
PROD0046,PROD0306,1
PROD0046,PROD0356,1
PROD0046,PROD0405,1
PROD0046,PROD0445,1
PROD0046,PROD0497,1
PROD0047,PROD0057,1
PROD0047,PROD0101,1
PROD0047,PROD0135,1
PROD0047,PROD0222,1
PROD0047,PROD0227,1
PROD0047,PROD0234,1
PROD0047,PROD0272,1
PROD0047,PROD0300,1
PROD0047,PROD0315,1
PROD0047,PROD0340,1
PROD0047,PROD0433,1
PROD0047,PROD0445,1
PROD0047,PROD0462,1
PROD0048,PROD0065,1
PROD0048,PROD0089,1
PROD0048,PROD0176,1
PROD0048,PROD0232,1
PROD0048,PROD0235,1
PROD0048,PROD0330,1
PROD0049,PROD0081,1
PROD0049,PROD0083,1
PROD0049,PROD0089,1
PROD0049,PROD0107,1
PROD0049,PROD0131,1
PROD0049,PROD0153,1
PROD0049,PROD0224,1
PROD0049,PROD0249,1
PROD0049,PROD0257,1
PROD0049,PROD0283,1
PROD0049,PROD0290,1
PROD0049,PROD0310,1
PROD0049,PROD0354,1
PROD0049,PROD0394,1
PROD0049,PROD0425,1
PROD0049,PROD0441,1
PROD0049,PROD0482,1
PROD0049,PROD0483,1
PROD0049,PROD0485,1
PROD0049,PROD0487,1
PROD0050,PROD0166,1
PROD0050,PROD0370,1
PROD0050,PROD0404,1
PROD0050,PROD0441,1
PROD0050,PROD0473,1
PROD0050,PROD0478,1
PROD0051,PROD0078,1
PROD0051,PROD0084,1
PROD0051,PROD0152,1
PROD0051,PROD0167,1
PROD0051,PROD0252,1
PROD0051,PROD0266,1
PROD0051,PROD0326,1
PROD0051,PROD0359,1
PROD0051,PROD0413,1
PROD0051,PROD0445,1
PROD0051,PROD0459,1
PROD0051,PROD0478,1
PROD0052,PROD0055,1
PROD0052,PROD0060,1
PROD0052,PROD0073,1
PROD0052,PROD0139,1
PROD0052,PROD0170,1
PROD0052,PROD0225,1
PROD0052,PROD0246,1
PROD0052,PROD0268,1
PROD0052,PROD0282,1
PROD0052,PROD0290,1
PROD0052,PROD0293,1
PROD0052,PROD0305,1
PROD0052,PROD0318,1
PROD0052,PROD0334,1
PROD0052,PROD0370,1
PROD0052,PROD0374,1
PROD0052,PROD0392,1
PROD0052,PROD0451,1
PROD0052,PROD0460,1
PROD0052,PROD0482,1
PROD0053,PROD0065,1
PROD0053,PROD0074,1
PROD0053,PROD0076,1
PROD0053,PROD0133,1
PROD0053,PROD0145,1
PROD0053,PROD0188,1
PROD0053,PROD0245,1
PROD0053,PROD0280,1
PROD0053,PROD0333,1
PROD0053,PROD0341,1
PROD0053,PROD0382,1
PROD0053,PROD0385,1
PROD0053,PROD0426,1
PROD0053,PROD0428,1
PROD0053,PROD0461,1
PROD0053,PROD0465,1
PROD0054,PROD0057,1
PROD0054,PROD0101,1
PROD0054,PROD0136,1
PROD0054,PROD0139,1
PROD0054,PROD0245,1
PROD0054,PROD0261,1
PROD0054,PROD0348,1
PROD0054,PROD0388,1
PROD0054,PROD0434,1
PROD0054,PROD0436,1
PROD0054,PROD0455,1
PROD0054,PROD0463,1
PROD0055,PROD0126,1
PROD0055,PROD0135,1
PROD0055,PROD0147,1
PROD0055,PROD0172,1
PROD0055,PROD0182,1
PROD0055,PROD0221,1
PROD0055,PROD0252,1
PROD0055,PROD0268,1
PROD0055,PROD0289,1
PROD0055,PROD0290,1
PROD0055,PROD0293,1
PROD0055,PROD0342,1
PROD0055,PROD0380,1
PROD0055,PROD0451,1
PROD0055,PROD0486,1
PROD0055,PROD0488,1
PROD0056,PROD0154,1
PROD0056,PROD0159,1
PROD0056,PROD0164,1
PROD0056,PROD0165,1
PROD0056,PROD0179,1
PROD0056,PROD0187,1
PROD0056,PROD0211,1
PROD0056,PROD0305,1
PROD0056,PROD0328,1
PROD0056,PROD0342,1
PROD0056,PROD0426,1
PROD0057,PROD0101,1
PROD0057,PROD0188,1
PROD0057,PROD0196,1
PROD0057,PROD0227,1
PROD0057,PROD0243,1
PROD0057,PROD0255,1
PROD0057,PROD0263,1
PROD0057,PROD0300,1
PROD0057,PROD0301,1
PROD0057,PROD0306,1
PROD0057,PROD0309,1
PROD0057,PROD0330,1
PROD0057,PROD0391,1
PROD0057,PROD0434,1
PROD0057,PROD0445,1
PROD0057,PROD0463,1
PROD0057,PROD0470,1
PROD0057,PROD0486,1
PROD0058,PROD0087,1
PROD0058,PROD0122,1
PROD0058,PROD0201,1
PROD0058,PROD0226,1
PROD0058,PROD0265,1
PROD0058,PROD0361,1
PROD0058,PROD0397,1
PROD0058,PROD0407,1
PROD0058,PROD0489,1
PROD0058,PROD0493,1
PROD0059,PROD0171,1
PROD0059,PROD0204,1
PROD0059,PROD0363,1
PROD0059,PROD0494,1
PROD0060,PROD0082,1
PROD0060,PROD0085,1
PROD0060,PROD0154,1
PROD0060,PROD0167,1
PROD0060,PROD0222,1
PROD0060,PROD0307,1
PROD0060,PROD0334,1
PROD0060,PROD0358,1
PROD0060,PROD0392,1
PROD0061,PROD0082,1
PROD0061,PROD0098,1
PROD0061,PROD0105,1
PROD0061,PROD0128,1
PROD0061,PROD0134,1
PROD0061,PROD0137,1
PROD0061,PROD0153,1
PROD0061,PROD0212,1
PROD0061,PROD0225,1
PROD0061,PROD0228,1
PROD0061,PROD0231,1
PROD0061,PROD0233,1
PROD0061,PROD0254,1
PROD0061,PROD0262,1
PROD0061,PROD0269,1
PROD0061,PROD0314,1
PROD0061,PROD0320,1
PROD0061,PROD0321,1
PROD0061,PROD0335,1
PROD0061,PROD0453,1
PROD0061,PROD0472,1
PROD0062,PROD0078,1
PROD0062,PROD0157,1
PROD0062,PROD0160,1
PROD0062,PROD0171,1
PROD0062,PROD0181,1
PROD0062,PROD0236,1
PROD0062,PROD0292,1
PROD0062,PROD0377,1
PROD0062,PROD0394,1
PROD0062,PROD0409,1
PROD0062,PROD0413,1
PROD0062,PROD0464,1
PROD0064,PROD0066,1
PROD0064,PROD0079,1
PROD0064,PROD0121,1
PROD0064,PROD0122,1
PROD0064,PROD0124,1
PROD0064,PROD0188,1
PROD0064,PROD0209,1
PROD0064,PROD0268,1
PROD0064,PROD0269,1
PROD0064,PROD0305,1
PROD0064,PROD0309,1
PROD0064,PROD0312,1
PROD0064,PROD0319,1
PROD0064,PROD0331,1
PROD0064,PROD0332,1
PROD0064,PROD0333,1
PROD0064,PROD0339,1
PROD0064,PROD0349,1
PROD0064,PROD0372,1
PROD0064,PROD0374,1
PROD0064,PROD0460,1
PROD0064,PROD0466,1
PROD0064,PROD0480,1
PROD0065,PROD0074,1
PROD0065,PROD0092,1
PROD0065,PROD0096,1
PROD0065,PROD0106,1
PROD0065,PROD0146,1
PROD0065,PROD0169,1
PROD0065,PROD0176,1
PROD0065,PROD0188,1
PROD0065,PROD0201,1
PROD0065,PROD0230,1
PROD0065,PROD0232,1
PROD0065,PROD0249,1
PROD0065,PROD0285,1
PROD0065,PROD0293,1
PROD0065,PROD0303,1
PROD0065,PROD0305,1
PROD0065,PROD0322,1
PROD0065,PROD0334,1
PROD0065,PROD0340,1
PROD0065,PROD0382,1
PROD0065,PROD0400,1
PROD0065,PROD0427,1
PROD0065,PROD0431,1
PROD0065,PROD0438,1
PROD0065,PROD0453,1
PROD0065,PROD0455,1
PROD0065,PROD0459,1
PROD0065,PROD0486,1
PROD0065,PROD0499,1
PROD0066,PROD0079,1
PROD0066,PROD0118,1
PROD0066,PROD0121,1
PROD0066,PROD0154,1
PROD0066,PROD0194,1
PROD0066,PROD0209,1
PROD0066,PROD0227,1
PROD0066,PROD0237,1
PROD0066,PROD0312,1
PROD0066,PROD0326,1
PROD0066,PROD0356,1
PROD0066,PROD0359,1
PROD0066,PROD0403,1
PROD0066,PROD0421,1
PROD0066,PROD0433,1
PROD0066,PROD0455,1
PROD0067,PROD0082,1
PROD0067,PROD0153,1
PROD0067,PROD0195,1
PROD0067,PROD0209,1
PROD0067,PROD0223,1
PROD0067,PROD0233,1
PROD0067,PROD0248,1
PROD0067,PROD0281,1
PROD0067,PROD0292,1
PROD0067,PROD0334,1
PROD0067,PROD0341,1
PROD0067,PROD0359,1
PROD0067,PROD0371,1
PROD0067,PROD0373,1
PROD0067,PROD0382,1
PROD0067,PROD0491,1
PROD0068,PROD0105,1
PROD0068,PROD0111,1
PROD0068,PROD0121,1
PROD0068,PROD0159,1
PROD0068,PROD0172,1
PROD0068,PROD0181,1
PROD0068,PROD0207,1
PROD0068,PROD0250,1
PROD0068,PROD0403,1
PROD0068,PROD0418,1
PROD0068,PROD0449,1
PROD0068,PROD0457,1
PROD0068,PROD0460,1
PROD0068,PROD0465,1
PROD0069,PROD0085,1
PROD0069,PROD0102,1
PROD0069,PROD0109,1
PROD0069,PROD0129,1
PROD0069,PROD0166,1
PROD0069,PROD0183,1
PROD0069,PROD0206,1
PROD0069,PROD0211,1
PROD0069,PROD0221,1
PROD0069,PROD0244,1
PROD0069,PROD0273,1
PROD0069,PROD0288,1
PROD0069,PROD0293,1
PROD0069,PROD0295,1
PROD0069,PROD0343,1
PROD0069,PROD0365,1
PROD0069,PROD0370,1
PROD0069,PROD0397,1
PROD0069,PROD0402,1
PROD0069,PROD0407,1
PROD0069,PROD0420,1
PROD0069,PROD0428,1
PROD0069,PROD0470,1
PROD0069,PROD0484,1
PROD0070,PROD0180,1
PROD0070,PROD0267,1
PROD0070,PROD0371,1
PROD0070,PROD0393,1
PROD0070,PROD0410,1
PROD0070,PROD0427,1
PROD0070,PROD0473,1
PROD0070,PROD0478,1
PROD0070,PROD0483,1
PROD0071,PROD0087,1
PROD0071,PROD0091,1
PROD0071,PROD0111,1
PROD0071,PROD0119,1
PROD0071,PROD0161,1
PROD0071,PROD0162,1
PROD0071,PROD0167,1
PROD0071,PROD0219,1
PROD0071,PROD0236,1
PROD0071,PROD0240,1
PROD0071,PROD0275,1
PROD0071,PROD0284,1
PROD0071,PROD0290,1
PROD0071,PROD0299,1
PROD0071,PROD0306,1
PROD0071,PROD0331,1
PROD0071,PROD0407,1
PROD0071,PROD0454,1
PROD0071,PROD0459,1
PROD0071,PROD0471,1
PROD0071,PROD0473,1
PROD0071,PROD0491,1
PROD0072,PROD0148,1
PROD0072,PROD0211,1
PROD0072,PROD0229,1
PROD0072,PROD0250,1
PROD0072,PROD0308,1
PROD0072,PROD0318,1
PROD0072,PROD0389,1
PROD0072,PROD0446,1
PROD0072,PROD0471,1
PROD0072,PROD0476,1
PROD0072,PROD0488,1
PROD0073,PROD0139,1
PROD0073,PROD0188,1
PROD0073,PROD0225,1
PROD0073,PROD0232,1
PROD0073,PROD0271,1
PROD0073,PROD0305,1
PROD0073,PROD0325,1
PROD0073,PROD0370,1
PROD0073,PROD0421,1
PROD0073,PROD0428,1
PROD0073,PROD0460,1
PROD0074,PROD0142,1
PROD0074,PROD0180,1
PROD0074,PROD0188,1
PROD0074,PROD0221,1
PROD0074,PROD0255,1
PROD0074,PROD0281,1
PROD0074,PROD0381,1
PROD0074,PROD0382,1
PROD0074,PROD0409,1
PROD0074,PROD0430,1
PROD0074,PROD0435,1
PROD0074,PROD0462,1
PROD0074,PROD0470,1
PROD0075,PROD0271,1
PROD0075,PROD0276,1
PROD0075,PROD0321,1
PROD0075,PROD0394,1
PROD0075,PROD0467,1
PROD0075,PROD0482,1
PROD0076,PROD0150,1
PROD0076,PROD0157,1
PROD0076,PROD0163,1
PROD0076,PROD0173,1
PROD0076,PROD0204,1
PROD0076,PROD0217,1
PROD0076,PROD0237,1
PROD0076,PROD0245,1
PROD0076,PROD0280,1
PROD0076,PROD0297,1
PROD0076,PROD0319,1
PROD0076,PROD0330,1
PROD0076,PROD0370,1
PROD0076,PROD0395,1
PROD0076,PROD0409,1
PROD0076,PROD0465,1
PROD0076,PROD0479,1
PROD0076,PROD0488,1
PROD0076,PROD0491,1
PROD0077,PROD0109,1
PROD0077,PROD0123,1
PROD0077,PROD0142,1
PROD0077,PROD0236,1
PROD0077,PROD0371,1
PROD0077,PROD0373,1
PROD0077,PROD0387,1
PROD0077,PROD0396,1
PROD0078,PROD0158,1
PROD0078,PROD0171,1
PROD0078,PROD0199,1
PROD0078,PROD0394,1
PROD0078,PROD0409,1
PROD0078,PROD0420,1
PROD0078,PROD0435,1
PROD0078,PROD0460,1
PROD0079,PROD0117,1
PROD0079,PROD0121,1
PROD0079,PROD0209,1
PROD0079,PROD0281,1
PROD0079,PROD0307,1
PROD0079,PROD0312,1
PROD0079,PROD0375,1
PROD0079,PROD0467,1
PROD0079,PROD0488,1
PROD0080,PROD0108,1
PROD0080,PROD0119,1
PROD0080,PROD0126,1
PROD0080,PROD0183,1
PROD0080,PROD0265,1
PROD0080,PROD0343,1
PROD0080,PROD0423,1
PROD0080,PROD0426,1
PROD0080,PROD0493,1
PROD0081,PROD0153,1
PROD0081,PROD0244,1
PROD0081,PROD0290,1
PROD0081,PROD0397,1
PROD0081,PROD0467,1
PROD0081,PROD0483,1
PROD0082,PROD0113,1
PROD0082,PROD0127,1
PROD0082,PROD0153,1
PROD0082,PROD0154,1
PROD0082,PROD0166,1
PROD0082,PROD0167,1
PROD0082,PROD0176,1
PROD0082,PROD0195,1
PROD0082,PROD0225,1
PROD0082,PROD0232,1
PROD0082,PROD0254,1
PROD0082,PROD0261,1
PROD0082,PROD0269,1
PROD0082,PROD0283,1
PROD0082,PROD0309,1
PROD0082,PROD0343,1
PROD0082,PROD0417,1
PROD0082,PROD0477,1
PROD0083,PROD0131,1
PROD0083,PROD0152,1
PROD0083,PROD0176,1
PROD0083,PROD0219,1
PROD0083,PROD0247,1
PROD0083,PROD0297,1
PROD0083,PROD0348,1
PROD0083,PROD0434,1
PROD0083,PROD0465,1
PROD0083,PROD0475,1
PROD0083,PROD0477,1
PROD0083,PROD0482,1
PROD0083,PROD0487,1
PROD0084,PROD0098,1
PROD0084,PROD0147,1
PROD0084,PROD0152,1
PROD0084,PROD0161,1
PROD0084,PROD0163,1
PROD0084,PROD0167,1
PROD0084,PROD0248,1
PROD0084,PROD0262,1
PROD0084,PROD0304,1
PROD0084,PROD0359,1
PROD0084,PROD0366,1
PROD0084,PROD0367,1
PROD0084,PROD0413,1
PROD0084,PROD0437,1
PROD0084,PROD0459,1
PROD0085,PROD0113,1
PROD0085,PROD0122,1
PROD0085,PROD0159,1
PROD0085,PROD0171,1
PROD0085,PROD0177,1
PROD0085,PROD0222,1
PROD0085,PROD0273,1
PROD0085,PROD0322,1
PROD0085,PROD0350,1
PROD0085,PROD0370,1
PROD0085,PROD0420,1
PROD0085,PROD0459,1
PROD0085,PROD0470,1
PROD0085,PROD0483,1
PROD0086,PROD0100,1
PROD0086,PROD0117,1
PROD0086,PROD0139,1
PROD0086,PROD0146,1
PROD0086,PROD0183,1
PROD0086,PROD0185,1
PROD0086,PROD0195,1
PROD0086,PROD0201,1
PROD0086,PROD0210,1
PROD0086,PROD0222,1
PROD0086,PROD0292,1
PROD0086,PROD0294,1
PROD0086,PROD0310,1
PROD0086,PROD0328,1
PROD0086,PROD0358,1
PROD0086,PROD0361,1
PROD0086,PROD0393,1
PROD0086,PROD0410,1
PROD0086,PROD0471,1
PROD0086,PROD0482,1
PROD0086,PROD0490,1
PROD0086,PROD0492,1
PROD0087,PROD0104,1
PROD0087,PROD0110,1
PROD0087,PROD0122,1
PROD0087,PROD0148,1
PROD0087,PROD0168,1
PROD0087,PROD0208,1
PROD0087,PROD0219,1
PROD0087,PROD0235,1
PROD0087,PROD0270,1
PROD0087,PROD0321,1
PROD0087,PROD0355,1
PROD0087,PROD0358,1
PROD0087,PROD0392,1
PROD0087,PROD0419,1
PROD0087,PROD0438,1
PROD0087,PROD0477,1
PROD0088,PROD0108,1
PROD0088,PROD0109,1
PROD0088,PROD0210,1
PROD0088,PROD0221,1
PROD0088,PROD0253,1
PROD0088,PROD0261,1
PROD0088,PROD0295,1
PROD0088,PROD0321,1
PROD0088,PROD0330,1
PROD0088,PROD0356,1
PROD0088,PROD0404,1
PROD0088,PROD0406,1
PROD0088,PROD0425,1
PROD0088,PROD0426,1
PROD0088,PROD0484,1
PROD0088,PROD0494,1
PROD0088,PROD0497,1
PROD0089,PROD0106,1
PROD0089,PROD0107,1
PROD0089,PROD0116,1
PROD0089,PROD0161,1
PROD0089,PROD0189,1
PROD0089,PROD0201,1
PROD0089,PROD0213,1
PROD0089,PROD0220,1
PROD0089,PROD0221,1
PROD0089,PROD0257,1
PROD0089,PROD0274,1
PROD0089,PROD0297,1
PROD0089,PROD0356,1
PROD0089,PROD0424,1
PROD0089,PROD0444,1
PROD0090,PROD0091,1
PROD0090,PROD0247,1
PROD0090,PROD0285,1
PROD0090,PROD0287,1
PROD0090,PROD0367,1
PROD0090,PROD0465,1
PROD0090,PROD0497,1
PROD0091,PROD0119,1
PROD0091,PROD0134,1
PROD0091,PROD0147,1
PROD0091,PROD0210,1
PROD0091,PROD0225,1
PROD0091,PROD0236,1
PROD0091,PROD0240,1
PROD0091,PROD0260,1
PROD0091,PROD0299,1
PROD0091,PROD0305,1
PROD0091,PROD0313,1
PROD0091,PROD0320,1
PROD0091,PROD0362,1
PROD0091,PROD0367,1
PROD0091,PROD0413,1
PROD0091,PROD0470,1
PROD0091,PROD0471,1
PROD0091,PROD0473,1
PROD0091,PROD0491,1
PROD0092,PROD0093,1
PROD0092,PROD0103,1
PROD0092,PROD0134,1
PROD0092,PROD0249,1
PROD0092,PROD0317,1
PROD0092,PROD0336,1
PROD0092,PROD0420,1
PROD0092,PROD0441,1
PROD0092,PROD0449,1
PROD0092,PROD0458,1
PROD0092,PROD0499,1
PROD0093,PROD0121,1
PROD0093,PROD0229,1
PROD0093,PROD0243,1
PROD0093,PROD0281,1
PROD0093,PROD0298,1
PROD0093,PROD0317,1
PROD0093,PROD0362,1
PROD0093,PROD0375,1
PROD0093,PROD0376,1
PROD0093,PROD0392,1
PROD0093,PROD0400,1
PROD0093,PROD0426,1
PROD0093,PROD0441,1
PROD0094,PROD0158,1
PROD0094,PROD0189,1
PROD0094,PROD0214,1
PROD0094,PROD0400,1
PROD0094,PROD0415,1
PROD0094,PROD0435,1
PROD0094,PROD0437,1
PROD0095,PROD0132,1
PROD0095,PROD0164,1
PROD0095,PROD0241,1
PROD0095,PROD0336,1
PROD0095,PROD0351,1
PROD0095,PROD0363,1
PROD0095,PROD0392,1
PROD0095,PROD0457,1
PROD0096,PROD0142,1
PROD0096,PROD0227,1
PROD0096,PROD0272,1
PROD0096,PROD0287,1
PROD0096,PROD0334,1
PROD0096,PROD0374,1
PROD0096,PROD0399,1
PROD0096,PROD0409,1
PROD0097,PROD0102,1
PROD0097,PROD0104,1
PROD0097,PROD0108,1
PROD0097,PROD0118,1
PROD0097,PROD0142,1
PROD0097,PROD0160,1
PROD0097,PROD0192,1
PROD0097,PROD0223,1
PROD0097,PROD0234,1
PROD0097,PROD0243,1
PROD0097,PROD0317,1
PROD0097,PROD0318,1
PROD0097,PROD0334,1
PROD0097,PROD0393,1
PROD0097,PROD0410,1
PROD0097,PROD0421,1
PROD0097,PROD0447,1
PROD0097,PROD0448,1
PROD0097,PROD0493,1
PROD0098,PROD0161,1
PROD0098,PROD0254,1
PROD0098,PROD0314,1
PROD0098,PROD0366,1
PROD0098,PROD0367,1
PROD0098,PROD0437,1
PROD0099,PROD0150,1
PROD0099,PROD0214,1
PROD0099,PROD0243,1
PROD0099,PROD0256,1
PROD0099,PROD0331,1
PROD0099,PROD0337,1
PROD0099,PROD0341,1
PROD0099,PROD0352,1
PROD0099,PROD0355,1
PROD0099,PROD0380,1
PROD0099,PROD0430,1
PROD0099,PROD0467,1
PROD0099,PROD0478,1
PROD0099,PROD0498,1
PROD0100,PROD0117,1
PROD0100,PROD0146,1
PROD0100,PROD0169,1
PROD0100,PROD0174,1
PROD0100,PROD0212,1
PROD0100,PROD0227,1
PROD0100,PROD0284,1
PROD0100,PROD0316,1
PROD0100,PROD0363,1
PROD0100,PROD0383,1
PROD0100,PROD0403,1
PROD0100,PROD0404,1
PROD0100,PROD0422,1
PROD0100,PROD0468,1
PROD0100,PROD0489,1
PROD0101,PROD0131,1
PROD0101,PROD0135,1
PROD0101,PROD0138,1
PROD0101,PROD0163,1
PROD0101,PROD0167,1
PROD0101,PROD0184,1
PROD0101,PROD0198,1
PROD0101,PROD0208,1
PROD0101,PROD0351,1
PROD0101,PROD0400,1
PROD0101,PROD0419,1
PROD0101,PROD0434,1
PROD0101,PROD0447,1
PROD0101,PROD0453,1
PROD0101,PROD0463,1
PROD0102,PROD0109,1
PROD0102,PROD0169,1
PROD0102,PROD0187,1
PROD0102,PROD0189,1
PROD0102,PROD0218,1
PROD0102,PROD0240,1
PROD0102,PROD0336,1
PROD0102,PROD0363,1
PROD0102,PROD0375,1
PROD0102,PROD0393,1
PROD0102,PROD0398,1
PROD0102,PROD0405,1
PROD0102,PROD0420,1
PROD0102,PROD0421,1
PROD0102,PROD0428,1
PROD0102,PROD0477,1
PROD0102,PROD0493,1
PROD0103,PROD0162,1
PROD0103,PROD0199,1
PROD0103,PROD0208,1
PROD0103,PROD0253,1
PROD0103,PROD0262,1
PROD0103,PROD0264,1
PROD0103,PROD0269,1
PROD0103,PROD0275,1
PROD0103,PROD0310,1
PROD0103,PROD0323,1
PROD0103,PROD0324,1
PROD0103,PROD0332,1
PROD0103,PROD0358,1
PROD0103,PROD0378,1
PROD0103,PROD0403,1
PROD0103,PROD0476,1
PROD0103,PROD0484,1
PROD0104,PROD0105,1
PROD0104,PROD0129,1
PROD0104,PROD0203,1
PROD0104,PROD0226,1
PROD0104,PROD0235,1
PROD0104,PROD0237,1
PROD0104,PROD0241,1
PROD0104,PROD0254,1
PROD0104,PROD0272,1
PROD0104,PROD0325,1
PROD0104,PROD0334,1
PROD0104,PROD0354,1
PROD0104,PROD0391,1
PROD0104,PROD0412,1
PROD0104,PROD0416,1
PROD0104,PROD0436,1
PROD0104,PROD0448,1
PROD0104,PROD0495,1
PROD0105,PROD0118,1
PROD0105,PROD0153,1
PROD0105,PROD0154,1
PROD0105,PROD0166,1
PROD0105,PROD0174,1
PROD0105,PROD0228,1
PROD0105,PROD0250,1
PROD0105,PROD0262,1
PROD0105,PROD0272,1
PROD0105,PROD0330,1
PROD0105,PROD0340,1
PROD0105,PROD0372,1
PROD0105,PROD0403,1
PROD0105,PROD0436,1
PROD0105,PROD0495,1
PROD0106,PROD0123,1
PROD0106,PROD0141,1
PROD0106,PROD0153,1
PROD0106,PROD0220,1
PROD0106,PROD0221,1
PROD0106,PROD0231,1
PROD0106,PROD0251,1
PROD0106,PROD0307,1
PROD0106,PROD0405,1
PROD0106,PROD0427,1
PROD0106,PROD0456,1
PROD0107,PROD0162,1
PROD0107,PROD0169,1
PROD0107,PROD0227,1
PROD0107,PROD0257,1
PROD0107,PROD0267,1
PROD0107,PROD0301,1
PROD0107,PROD0320,1
PROD0107,PROD0323,1
PROD0107,PROD0386,1
PROD0107,PROD0449,1
PROD0107,PROD0456,1
PROD0107,PROD0490,1
PROD0108,PROD0109,1
PROD0108,PROD0126,1
PROD0108,PROD0142,1
PROD0108,PROD0156,1
PROD0108,PROD0160,1
PROD0108,PROD0162,1
PROD0108,PROD0217,1
PROD0108,PROD0218,1
PROD0108,PROD0221,1
PROD0108,PROD0233,1
PROD0108,PROD0276,1
PROD0108,PROD0295,1
PROD0108,PROD0311,1
PROD0108,PROD0318,1
PROD0108,PROD0364,1
PROD0108,PROD0406,1
PROD0108,PROD0410,1
PROD0108,PROD0412,1
PROD0108,PROD0426,1
PROD0108,PROD0452,1
PROD0108,PROD0477,1
PROD0108,PROD0484,1
PROD0108,PROD0498,1
PROD0109,PROD0138,1
PROD0109,PROD0142,1
PROD0109,PROD0145,1
PROD0109,PROD0163,1
PROD0109,PROD0178,1
PROD0109,PROD0181,1
PROD0109,PROD0194,1
PROD0109,PROD0196,1
PROD0109,PROD0198,1
PROD0109,PROD0207,1
PROD0109,PROD0221,1
PROD0109,PROD0246,1
PROD0109,PROD0254,1
PROD0109,PROD0266,1
PROD0109,PROD0284,1
PROD0109,PROD0295,1
PROD0109,PROD0297,1
PROD0109,PROD0313,1
PROD0109,PROD0318,1
PROD0109,PROD0326,1
PROD0109,PROD0327,1
PROD0109,PROD0350,1
PROD0109,PROD0354,1
PROD0109,PROD0356,1
PROD0109,PROD0386,1
PROD0109,PROD0392,1
PROD0109,PROD0406,1
PROD0109,PROD0411,1
PROD0109,PROD0428,1
PROD0109,PROD0472,1
PROD0109,PROD0484,1
PROD0110,PROD0208,1
PROD0110,PROD0216,1
PROD0110,PROD0235,1
PROD0110,PROD0289,1
PROD0110,PROD0384,1
PROD0110,PROD0392,1
PROD0111,PROD0181,1
PROD0111,PROD0199,1
PROD0111,PROD0212,1
PROD0111,PROD0236,1
PROD0111,PROD0306,1
PROD0111,PROD0418,1
PROD0111,PROD0449,1
PROD0111,PROD0460,1
PROD0111,PROD0465,1
PROD0112,PROD0124,1
PROD0112,PROD0154,1
PROD0112,PROD0200,1
PROD0112,PROD0241,1
PROD0112,PROD0247,1
PROD0112,PROD0253,1
PROD0112,PROD0292,1
PROD0112,PROD0316,1
PROD0112,PROD0332,1
PROD0112,PROD0338,1
PROD0112,PROD0376,1
PROD0112,PROD0425,1
PROD0112,PROD0428,1
PROD0112,PROD0439,1
PROD0112,PROD0469,1
PROD0113,PROD0122,1
PROD0113,PROD0159,1
PROD0113,PROD0171,1
PROD0113,PROD0220,1
PROD0113,PROD0285,1
PROD0113,PROD0309,1
PROD0113,PROD0322,1
PROD0113,PROD0335,1
PROD0113,PROD0350,1
PROD0113,PROD0375,1
PROD0113,PROD0429,1
PROD0113,PROD0458,1
PROD0114,PROD0115,1
PROD0114,PROD0122,1
PROD0114,PROD0172,1
PROD0114,PROD0192,1
PROD0114,PROD0201,1
PROD0114,PROD0217,1
PROD0114,PROD0293,1
PROD0114,PROD0383,1
PROD0114,PROD0436,1
PROD0114,PROD0446,1
PROD0114,PROD0465,1
PROD0114,PROD0479,1
PROD0114,PROD0493,1
PROD0115,PROD0130,1
PROD0115,PROD0131,1
PROD0115,PROD0153,1
PROD0115,PROD0156,1
PROD0115,PROD0191,1
PROD0115,PROD0198,1
PROD0115,PROD0220,1
PROD0115,PROD0330,1
PROD0115,PROD0331,1
PROD0115,PROD0336,1
PROD0115,PROD0371,1
PROD0115,PROD0376,1
PROD0115,PROD0388,1
PROD0115,PROD0407,1
PROD0115,PROD0430,1
PROD0115,PROD0436,1
PROD0115,PROD0448,1
PROD0115,PROD0453,1
PROD0115,PROD0461,1
PROD0116,PROD0117,1
PROD0116,PROD0119,1
PROD0116,PROD0130,1
PROD0116,PROD0190,1
PROD0116,PROD0201,1
PROD0116,PROD0206,1
PROD0116,PROD0225,1
PROD0116,PROD0245,1
PROD0116,PROD0297,1
PROD0116,PROD0312,1
PROD0116,PROD0367,1
PROD0116,PROD0372,1
PROD0116,PROD0381,1
PROD0116,PROD0405,1
PROD0116,PROD0429,1
PROD0116,PROD0434,1
PROD0116,PROD0463,1
PROD0116,PROD0468,1
PROD0117,PROD0146,1
PROD0117,PROD0176,1
PROD0117,PROD0245,1
PROD0117,PROD0272,1
PROD0117,PROD0307,1
PROD0117,PROD0434,1
PROD0117,PROD0467,1
PROD0117,PROD0488,1
PROD0118,PROD0166,1
PROD0118,PROD0174,1
PROD0118,PROD0181,1
PROD0118,PROD0208,1
PROD0118,PROD0223,1
PROD0118,PROD0224,1
PROD0118,PROD0310,1
PROD0118,PROD0316,1
PROD0118,PROD0330,1
PROD0118,PROD0334,1
PROD0118,PROD0340,1
PROD0118,PROD0421,1
PROD0118,PROD0447,1
PROD0119,PROD0132,1
PROD0119,PROD0147,1
PROD0119,PROD0190,1
PROD0119,PROD0231,1
PROD0119,PROD0240,1
PROD0119,PROD0259,1
PROD0119,PROD0292,1
PROD0119,PROD0299,1
PROD0119,PROD0312,1
PROD0119,PROD0322,1
PROD0119,PROD0367,1
PROD0119,PROD0378,1
PROD0119,PROD0388,1
PROD0119,PROD0397,1
PROD0119,PROD0421,1
PROD0119,PROD0423,1
PROD0119,PROD0461,1
PROD0119,PROD0468,1
PROD0119,PROD0471,1
PROD0119,PROD0473,1
PROD0119,PROD0491,1
PROD0120,PROD0178,1
PROD0120,PROD0192,1
PROD0120,PROD0241,1
PROD0120,PROD0263,1
PROD0120,PROD0282,1
PROD0120,PROD0432,1
PROD0120,PROD0458,1
PROD0121,PROD0123,1
PROD0121,PROD0170,1
PROD0121,PROD0196,1
PROD0121,PROD0207,1
PROD0121,PROD0209,1
PROD0121,PROD0214,1
PROD0121,PROD0312,1
PROD0121,PROD0378,1
PROD0121,PROD0386,1
PROD0121,PROD0410,1
PROD0121,PROD0421,1
PROD0121,PROD0432,1
PROD0122,PROD0124,1
PROD0122,PROD0159,1
PROD0122,PROD0171,1
PROD0122,PROD0182,1
PROD0122,PROD0201,1
PROD0122,PROD0296,1
PROD0122,PROD0309,1
PROD0122,PROD0319,1
PROD0122,PROD0350,1
PROD0122,PROD0372,1
PROD0122,PROD0389,1
PROD0122,PROD0446,1
PROD0122,PROD0479,1
PROD0123,PROD0214,1
PROD0123,PROD0217,1
PROD0123,PROD0257,1
PROD0123,PROD0323,1
PROD0123,PROD0456,1
PROD0124,PROD0125,1
PROD0124,PROD0265,1
PROD0124,PROD0274,1
PROD0124,PROD0309,1
PROD0124,PROD0319,1
PROD0124,PROD0372,1
PROD0124,PROD0410,1
PROD0124,PROD0439,1
PROD0124,PROD0455,1
PROD0124,PROD0500,1
PROD0125,PROD0132,1
PROD0125,PROD0150,1
PROD0125,PROD0158,1
PROD0125,PROD0189,1
PROD0125,PROD0201,1
PROD0125,PROD0226,1
PROD0125,PROD0242,1
PROD0125,PROD0252,1
PROD0125,PROD0255,1
PROD0125,PROD0308,1
PROD0125,PROD0350,1
PROD0125,PROD0394,1
PROD0125,PROD0417,1
PROD0125,PROD0418,1
PROD0125,PROD0432,1
PROD0125,PROD0435,1
PROD0125,PROD0455,1
PROD0125,PROD0458,1
PROD0125,PROD0461,1
PROD0126,PROD0132,1
PROD0126,PROD0135,1
PROD0126,PROD0147,1
PROD0126,PROD0164,1
PROD0126,PROD0309,1
PROD0126,PROD0394,1
PROD0126,PROD0426,1
PROD0126,PROD0438,1
PROD0126,PROD0439,1
PROD0126,PROD0456,1
PROD0127,PROD0130,1
PROD0127,PROD0154,1
PROD0127,PROD0176,1
PROD0127,PROD0179,1
PROD0127,PROD0245,1
PROD0127,PROD0258,1
PROD0127,PROD0274,1
PROD0127,PROD0282,1
PROD0127,PROD0284,1
PROD0127,PROD0285,1
PROD0127,PROD0290,1
PROD0127,PROD0306,1
PROD0127,PROD0331,1
PROD0127,PROD0348,1
PROD0127,PROD0354,1
PROD0127,PROD0355,1
PROD0127,PROD0363,1
PROD0127,PROD0390,1
PROD0127,PROD0405,1
PROD0127,PROD0412,1
PROD0127,PROD0417,1
PROD0127,PROD0418,1
PROD0127,PROD0426,1
PROD0127,PROD0452,1
PROD0127,PROD0477,1
PROD0127,PROD0484,1
PROD0128,PROD0131,1
PROD0128,PROD0206,1
PROD0128,PROD0233,1
PROD0128,PROD0247,1
PROD0128,PROD0268,1
PROD0128,PROD0320,1
PROD0128,PROD0343,1
PROD0128,PROD0350,1
PROD0128,PROD0424,1
PROD0128,PROD0453,1
PROD0129,PROD0206,1
PROD0129,PROD0221,1
PROD0129,PROD0254,1
PROD0129,PROD0288,1
PROD0129,PROD0334,1
PROD0129,PROD0352,1
PROD0129,PROD0354,1
PROD0129,PROD0402,1
PROD0129,PROD0416,1
PROD0129,PROD0470,1
PROD0129,PROD0484,1
PROD0130,PROD0168,1
PROD0130,PROD0198,1
PROD0130,PROD0220,1
PROD0130,PROD0225,1
PROD0130,PROD0290,1
PROD0130,PROD0295,1
PROD0130,PROD0348,1
PROD0130,PROD0363,1
PROD0130,PROD0372,1
PROD0130,PROD0418,1
PROD0130,PROD0448,1
PROD0130,PROD0463,1
PROD0131,PROD0138,1
PROD0131,PROD0151,1
PROD0131,PROD0163,1
PROD0131,PROD0191,1
PROD0131,PROD0199,1
PROD0131,PROD0208,1
PROD0131,PROD0214,1
PROD0131,PROD0223,1
PROD0131,PROD0233,1
PROD0131,PROD0241,1
PROD0131,PROD0242,1
PROD0131,PROD0258,1
PROD0131,PROD0268,1
PROD0131,PROD0281,1
PROD0131,PROD0298,1
PROD0131,PROD0331,1
PROD0131,PROD0373,1
PROD0131,PROD0384,1
PROD0131,PROD0394,1
PROD0131,PROD0424,1
PROD0131,PROD0426,1
PROD0131,PROD0430,1
PROD0131,PROD0451,1
PROD0131,PROD0482,1
PROD0131,PROD0487,1
PROD0131,PROD0496,1
PROD0132,PROD0135,1
PROD0132,PROD0147,1
PROD0132,PROD0156,1
PROD0132,PROD0231,1
PROD0132,PROD0259,1
PROD0132,PROD0309,1
PROD0132,PROD0311,1
PROD0132,PROD0318,1
PROD0132,PROD0322,1
PROD0132,PROD0327,1
PROD0132,PROD0351,1
PROD0132,PROD0363,1
PROD0132,PROD0432,1
PROD0132,PROD0458,1
PROD0132,PROD0471,1
PROD0133,PROD0413,1
PROD0134,PROD0158,1
PROD0134,PROD0170,1
PROD0134,PROD0231,1
PROD0134,PROD0247,1
PROD0134,PROD0260,1
PROD0134,PROD0262,1
PROD0134,PROD0299,1
PROD0134,PROD0329,1
PROD0134,PROD0335,1
PROD0134,PROD0344,1
PROD0134,PROD0346,1
PROD0134,PROD0357,1
PROD0134,PROD0359,1
PROD0134,PROD0387,1
PROD0134,PROD0400,1
PROD0134,PROD0413,1
PROD0134,PROD0420,1
PROD0134,PROD0449,1
PROD0135,PROD0151,1
PROD0135,PROD0221,1
PROD0135,PROD0241,1
PROD0135,PROD0289,1
PROD0135,PROD0309,1
PROD0135,PROD0325,1
PROD0135,PROD0380,1
PROD0135,PROD0391,1
PROD0135,PROD0394,1
PROD0135,PROD0486,1
PROD0136,PROD0139,1
PROD0136,PROD0160,1
PROD0136,PROD0183,1
PROD0136,PROD0208,1
PROD0136,PROD0250,1
PROD0136,PROD0343,1
PROD0136,PROD0347,1
PROD0136,PROD0358,1
PROD0136,PROD0369,1
PROD0136,PROD0405,1
PROD0136,PROD0436,1
PROD0136,PROD0446,1
PROD0136,PROD0465,1
PROD0136,PROD0468,1
PROD0137,PROD0142,1
PROD0137,PROD0146,1
PROD0137,PROD0203,1
PROD0137,PROD0226,1
PROD0137,PROD0267,1
PROD0137,PROD0268,1
PROD0137,PROD0275,1
PROD0137,PROD0278,1
PROD0137,PROD0284,1
PROD0137,PROD0289,1
PROD0137,PROD0308,1
PROD0137,PROD0320,1
PROD0137,PROD0397,1
PROD0137,PROD0459,1
PROD0137,PROD0472,1
PROD0137,PROD0483,1
PROD0137,PROD0493,1
PROD0138,PROD0142,1
PROD0138,PROD0163,1
PROD0138,PROD0178,1
PROD0138,PROD0225,1
PROD0138,PROD0248,1
PROD0138,PROD0262,1
PROD0138,PROD0266,1
PROD0138,PROD0289,1
PROD0138,PROD0390,1
PROD0138,PROD0392,1
PROD0138,PROD0411,1
PROD0138,PROD0429,1
PROD0138,PROD0453,1
PROD0138,PROD0473,1
PROD0139,PROD0142,1
PROD0139,PROD0182,1
PROD0139,PROD0193,1
PROD0139,PROD0201,1
PROD0139,PROD0225,1
PROD0139,PROD0305,1
PROD0139,PROD0352,1
PROD0139,PROD0360,1
PROD0139,PROD0393,1
PROD0139,PROD0423,1
PROD0139,PROD0436,1
PROD0139,PROD0460,1
PROD0140,PROD0194,1
PROD0140,PROD0376,1
PROD0140,PROD0444,1
PROD0141,PROD0153,1
PROD0141,PROD0175,1
PROD0141,PROD0178,1
PROD0141,PROD0189,1
PROD0141,PROD0231,1
PROD0141,PROD0241,1
PROD0141,PROD0251,1
PROD0141,PROD0257,1
PROD0141,PROD0283,1
PROD0141,PROD0307,1
PROD0141,PROD0335,1
PROD0141,PROD0336,1
PROD0141,PROD0359,1
PROD0141,PROD0371,1
PROD0141,PROD0376,1
PROD0141,PROD0411,1
PROD0142,PROD0160,1
PROD0142,PROD0178,1
PROD0142,PROD0182,1
PROD0142,PROD0193,1
PROD0142,PROD0227,1
PROD0142,PROD0230,1
PROD0142,PROD0266,1
PROD0142,PROD0267,1
PROD0142,PROD0289,1
PROD0142,PROD0318,1
PROD0142,PROD0328,1
PROD0142,PROD0352,1
PROD0142,PROD0366,1
PROD0142,PROD0392,1
PROD0142,PROD0396,1
PROD0142,PROD0399,1
PROD0142,PROD0410,1
PROD0142,PROD0411,1
PROD0142,PROD0428,1
PROD0142,PROD0430,1
PROD0142,PROD0446,1
PROD0142,PROD0459,1
PROD0142,PROD0493,1
PROD0143,PROD0161,1
PROD0143,PROD0208,1
PROD0143,PROD0226,1
PROD0143,PROD0267,1
PROD0143,PROD0313,1
PROD0143,PROD0443,1
PROD0144,PROD0197,1
PROD0144,PROD0216,1
PROD0144,PROD0240,1
PROD0144,PROD0250,1
PROD0144,PROD0299,1
PROD0144,PROD0323,1
PROD0144,PROD0345,1
PROD0144,PROD0363,1
PROD0144,PROD0414,1
PROD0144,PROD0463,1
PROD0144,PROD0482,1
PROD0145,PROD0163,1
PROD0145,PROD0354,1
PROD0145,PROD0374,1
PROD0146,PROD0151,1
PROD0146,PROD0159,1
PROD0146,PROD0169,1
PROD0146,PROD0284,1
PROD0146,PROD0293,1
PROD0146,PROD0306,1
PROD0146,PROD0308,1
PROD0146,PROD0324,1
PROD0146,PROD0327,1
PROD0146,PROD0382,1
PROD0146,PROD0431,1
PROD0146,PROD0438,1
PROD0146,PROD0440,1
PROD0146,PROD0441,1
PROD0146,PROD0452,1
PROD0146,PROD0483,1
PROD0147,PROD0148,1
PROD0147,PROD0150,1
PROD0147,PROD0225,1
PROD0147,PROD0231,1
PROD0147,PROD0259,1
PROD0147,PROD0287,1
PROD0147,PROD0292,1
PROD0147,PROD0305,1
PROD0147,PROD0313,1
PROD0147,PROD0322,1
PROD0147,PROD0324,1
PROD0147,PROD0328,1
PROD0147,PROD0362,1
PROD0147,PROD0445,1
PROD0147,PROD0447,1
PROD0147,PROD0478,1
PROD0148,PROD0168,1
PROD0148,PROD0318,1
PROD0148,PROD0324,1
PROD0148,PROD0355,1
PROD0148,PROD0438,1
PROD0148,PROD0445,1
PROD0148,PROD0477,1
PROD0149,PROD0219,1
PROD0149,PROD0248,1
PROD0149,PROD0258,1
PROD0149,PROD0292,1
PROD0149,PROD0295,1
PROD0149,PROD0309,1
PROD0149,PROD0372,1
PROD0149,PROD0467,1
PROD0149,PROD0484,1
PROD0150,PROD0163,1
PROD0150,PROD0166,1
PROD0150,PROD0195,1
PROD0150,PROD0222,1
PROD0150,PROD0235,1
PROD0150,PROD0238,1
PROD0150,PROD0266,1
PROD0150,PROD0287,1
PROD0150,PROD0292,1
PROD0150,PROD0311,1
PROD0150,PROD0319,1
PROD0150,PROD0328,1
PROD0150,PROD0334,1
PROD0150,PROD0349,1
PROD0150,PROD0355,1
PROD0150,PROD0359,1
PROD0150,PROD0360,1
PROD0150,PROD0370,1
PROD0150,PROD0408,1
PROD0150,PROD0418,1
PROD0150,PROD0434,1
PROD0150,PROD0447,1
PROD0150,PROD0460,1
PROD0150,PROD0484,1
PROD0150,PROD0488,1
PROD0150,PROD0497,1
PROD0151,PROD0231,1
PROD0151,PROD0233,1
PROD0151,PROD0297,1
PROD0151,PROD0323,1
PROD0151,PROD0324,1
PROD0151,PROD0325,1
PROD0151,PROD0405,1
PROD0151,PROD0417,1
PROD0151,PROD0435,1
PROD0151,PROD0447,1
PROD0151,PROD0468,1
PROD0152,PROD0167,1
PROD0152,PROD0219,1
PROD0152,PROD0263,1
PROD0152,PROD0302,1
PROD0152,PROD0359,1
PROD0152,PROD0380,1
PROD0152,PROD0413,1
PROD0152,PROD0459,1
PROD0152,PROD0478,1
PROD0153,PROD0156,1
PROD0153,PROD0178,1
PROD0153,PROD0181,1
PROD0153,PROD0193,1
PROD0153,PROD0195,1
PROD0153,PROD0207,1
PROD0153,PROD0228,1
PROD0153,PROD0251,1
PROD0153,PROD0254,1
PROD0153,PROD0264,1
PROD0153,PROD0289,1
PROD0153,PROD0290,1
PROD0153,PROD0291,1
PROD0153,PROD0298,1
PROD0153,PROD0304,1
PROD0153,PROD0307,1
PROD0153,PROD0313,1
PROD0153,PROD0316,1
PROD0153,PROD0318,1
PROD0153,PROD0327,1
PROD0153,PROD0332,1
PROD0153,PROD0342,1
PROD0153,PROD0343,1
PROD0153,PROD0371,1
PROD0153,PROD0423,1
PROD0153,PROD0454,1
PROD0153,PROD0472,1
PROD0153,PROD0483,1
PROD0153,PROD0485,1
PROD0153,PROD0490,1
PROD0154,PROD0167,1
PROD0154,PROD0187,1
PROD0154,PROD0200,1
PROD0154,PROD0237,1
PROD0154,PROD0262,1
PROD0154,PROD0269,1
PROD0154,PROD0282,1
PROD0154,PROD0292,1
PROD0154,PROD0305,1
PROD0154,PROD0338,1
PROD0154,PROD0342,1
PROD0154,PROD0354,1
PROD0154,PROD0372,1
PROD0154,PROD0377,1
PROD0154,PROD0410,1
PROD0154,PROD0420,1
PROD0154,PROD0425,1
PROD0154,PROD0430,1
PROD0155,PROD0230,1
PROD0155,PROD0272,1
PROD0155,PROD0350,1
PROD0155,PROD0422,1
PROD0155,PROD0496,1
PROD0156,PROD0233,1
PROD0156,PROD0276,1
PROD0156,PROD0318,1
PROD0156,PROD0327,1
PROD0156,PROD0364,1
PROD0156,PROD0371,1
PROD0156,PROD0452,1
PROD0156,PROD0471,1
PROD0156,PROD0477,1
PROD0157,PROD0237,1
PROD0157,PROD0246,1
PROD0157,PROD0386,1
PROD0157,PROD0409,1
PROD0158,PROD0170,1
PROD0158,PROD0189,1
PROD0158,PROD0299,1
PROD0158,PROD0329,1
PROD0158,PROD0420,1
PROD0158,PROD0435,1
PROD0159,PROD0171,1
PROD0159,PROD0172,1
PROD0159,PROD0186,1
PROD0159,PROD0207,1
PROD0159,PROD0267,1
PROD0159,PROD0322,1
PROD0159,PROD0350,1
PROD0159,PROD0363,1
PROD0159,PROD0373,1
PROD0159,PROD0409,1
PROD0159,PROD0441,1
PROD0159,PROD0497,1
PROD0160,PROD0169,1
PROD0160,PROD0205,1
PROD0160,PROD0223,1
PROD0160,PROD0226,1
PROD0160,PROD0259,1
PROD0160,PROD0268,1
PROD0160,PROD0275,1
PROD0160,PROD0292,1
PROD0160,PROD0303,1
PROD0160,PROD0309,1
PROD0160,PROD0318,1
PROD0160,PROD0340,1
PROD0160,PROD0363,1
PROD0160,PROD0367,1
PROD0160,PROD0369,1
PROD0160,PROD0397,1
PROD0160,PROD0410,1
PROD0160,PROD0433,1
PROD0160,PROD0446,1
PROD0160,PROD0464,1
PROD0160,PROD0468,1
PROD0161,PROD0162,1
PROD0161,PROD0168,1
PROD0161,PROD0184,1
PROD0161,PROD0189,1
PROD0161,PROD0243,1
PROD0161,PROD0257,1
PROD0161,PROD0264,1
PROD0161,PROD0267,1
PROD0161,PROD0274,1
PROD0161,PROD0275,1
PROD0161,PROD0284,1
PROD0161,PROD0293,1
PROD0161,PROD0313,1
PROD0161,PROD0325,1
PROD0161,PROD0366,1
PROD0161,PROD0367,1
PROD0161,PROD0378,1
PROD0161,PROD0417,1
PROD0161,PROD0437,1
PROD0161,PROD0446,1
PROD0161,PROD0459,1
PROD0161,PROD0463,1
PROD0162,PROD0168,1
PROD0162,PROD0208,1
PROD0162,PROD0217,1
PROD0162,PROD0218,1
PROD0162,PROD0227,1
PROD0162,PROD0247,1
PROD0162,PROD0265,1
PROD0162,PROD0275,1
PROD0162,PROD0279,1
PROD0162,PROD0284,1
PROD0162,PROD0309,1
PROD0162,PROD0310,1
PROD0162,PROD0333,1
PROD0162,PROD0347,1
PROD0162,PROD0386,1
PROD0162,PROD0397,1
PROD0162,PROD0404,1
PROD0162,PROD0412,1
PROD0162,PROD0445,1
PROD0162,PROD0449,1
PROD0162,PROD0450,1
PROD0162,PROD0459,1
PROD0162,PROD0490,1
PROD0162,PROD0493,1
PROD0162,PROD0497,1
PROD0163,PROD0180,1
PROD0163,PROD0184,1
PROD0163,PROD0262,1
PROD0163,PROD0269,1
PROD0163,PROD0304,1
PROD0163,PROD0319,1
PROD0163,PROD0331,1
PROD0163,PROD0354,1
PROD0163,PROD0370,1
PROD0163,PROD0453,1
PROD0163,PROD0463,1
PROD0164,PROD0176,1
PROD0164,PROD0306,1
PROD0164,PROD0336,1
PROD0164,PROD0343,1
PROD0164,PROD0347,1
PROD0164,PROD0392,1
PROD0164,PROD0438,1
PROD0164,PROD0439,1
PROD0164,PROD0446,1
PROD0164,PROD0457,1
PROD0165,PROD0171,1
PROD0165,PROD0176,1
PROD0165,PROD0187,1
PROD0165,PROD0274,1
PROD0165,PROD0328,1
PROD0165,PROD0335,1
PROD0165,PROD0378,1
PROD0165,PROD0381,1
PROD0165,PROD0387,1
PROD0165,PROD0410,1
PROD0165,PROD0421,1
PROD0165,PROD0441,1
PROD0166,PROD0174,1
PROD0166,PROD0177,1
PROD0166,PROD0183,1
PROD0166,PROD0203,1
PROD0166,PROD0216,1
PROD0166,PROD0222,1
PROD0166,PROD0231,1
PROD0166,PROD0232,1
PROD0166,PROD0235,1
PROD0166,PROD0244,1
PROD0166,PROD0254,1
PROD0166,PROD0261,1
PROD0166,PROD0267,1
PROD0166,PROD0297,1
PROD0166,PROD0308,1
PROD0166,PROD0311,1
PROD0166,PROD0330,1
PROD0166,PROD0340,1
PROD0166,PROD0360,1
PROD0166,PROD0365,1
PROD0166,PROD0397,1
PROD0166,PROD0418,1
PROD0166,PROD0438,1
PROD0166,PROD0441,1
PROD0166,PROD0458,1
PROD0166,PROD0484,1
PROD0167,PROD0208,1
PROD0167,PROD0214,1
PROD0167,PROD0290,1
PROD0167,PROD0331,1
PROD0167,PROD0347,1
PROD0167,PROD0359,1
PROD0167,PROD0413,1
PROD0167,PROD0459,1
PROD0167,PROD0478,1
PROD0168,PROD0294,1
PROD0168,PROD0295,1
PROD0168,PROD0325,1
PROD0168,PROD0347,1
PROD0168,PROD0355,1
PROD0168,PROD0373,1
PROD0168,PROD0438,1
PROD0168,PROD0445,1
PROD0168,PROD0454,1
PROD0168,PROD0477,1
PROD0168,PROD0497,1
PROD0169,PROD0184,1
PROD0169,PROD0207,1
PROD0169,PROD0212,1
PROD0169,PROD0218,1
PROD0169,PROD0227,1
PROD0169,PROD0233,1
PROD0169,PROD0243,1
PROD0169,PROD0267,1
PROD0169,PROD0284,1
PROD0169,PROD0293,1
PROD0169,PROD0301,1
PROD0169,PROD0303,1
PROD0169,PROD0304,1
PROD0169,PROD0319,1
PROD0169,PROD0344,1
PROD0169,PROD0367,1
PROD0169,PROD0398,1
PROD0169,PROD0404,1
PROD0169,PROD0405,1
PROD0169,PROD0408,1
PROD0169,PROD0431,1
PROD0169,PROD0438,1
PROD0169,PROD0456,1
PROD0169,PROD0461,1
PROD0169,PROD0468,1
PROD0169,PROD0489,1
PROD0170,PROD0188,1
PROD0170,PROD0196,1
PROD0170,PROD0262,1
PROD0170,PROD0276,1
PROD0170,PROD0299,1
PROD0170,PROD0312,1
PROD0170,PROD0325,1
PROD0170,PROD0329,1
PROD0170,PROD0378,1
PROD0170,PROD0387,1
PROD0170,PROD0410,1
PROD0170,PROD0430,1
PROD0170,PROD0482,1
PROD0171,PROD0185,1
PROD0171,PROD0204,1
PROD0171,PROD0209,1
PROD0171,PROD0219,1
PROD0171,PROD0221,1
PROD0171,PROD0252,1
PROD0171,PROD0255,1
PROD0171,PROD0263,1
PROD0171,PROD0322,1
PROD0171,PROD0335,1
PROD0171,PROD0337,1
PROD0171,PROD0350,1
PROD0171,PROD0362,1
PROD0171,PROD0394,1
PROD0171,PROD0409,1
PROD0171,PROD0435,1
PROD0171,PROD0441,1
PROD0171,PROD0457,1
PROD0171,PROD0479,1
PROD0172,PROD0192,1
PROD0172,PROD0201,1
PROD0172,PROD0217,1
PROD0172,PROD0241,1
PROD0172,PROD0293,1
PROD0172,PROD0362,1
PROD0172,PROD0363,1
PROD0172,PROD0383,1
PROD0172,PROD0493,1
PROD0172,PROD0497,1
PROD0173,PROD0204,1
PROD0173,PROD0217,1
PROD0173,PROD0242,1
PROD0174,PROD0257,1
PROD0174,PROD0330,1
PROD0174,PROD0340,1
PROD0174,PROD0467,1
PROD0175,PROD0183,1
PROD0175,PROD0203,1
PROD0175,PROD0230,1
PROD0175,PROD0237,1
PROD0175,PROD0249,1
PROD0175,PROD0255,1
PROD0175,PROD0267,1
PROD0175,PROD0282,1
PROD0175,PROD0342,1
PROD0175,PROD0359,1
PROD0175,PROD0370,1
PROD0175,PROD0371,1
PROD0175,PROD0411,1
PROD0175,PROD0428,1
PROD0175,PROD0479,1
PROD0175,PROD0489,1
PROD0176,PROD0210,1
PROD0176,PROD0232,1
PROD0176,PROD0267,1
PROD0176,PROD0271,1
PROD0176,PROD0272,1
PROD0176,PROD0277,1
PROD0176,PROD0280,1
PROD0176,PROD0297,1
PROD0176,PROD0339,1
PROD0176,PROD0347,1
PROD0176,PROD0378,1
PROD0176,PROD0410,1
PROD0176,PROD0417,1
PROD0176,PROD0446,1
PROD0176,PROD0475,1
PROD0177,PROD0216,1
PROD0177,PROD0235,1
PROD0177,PROD0267,1
PROD0177,PROD0297,1
PROD0177,PROD0325,1
PROD0177,PROD0459,1
PROD0178,PROD0192,1
PROD0178,PROD0231,1
PROD0178,PROD0241,1
PROD0178,PROD0249,1
PROD0178,PROD0251,1
PROD0178,PROD0266,1
PROD0178,PROD0307,1
PROD0178,PROD0392,1
PROD0178,PROD0405,1
PROD0178,PROD0411,1
PROD0178,PROD0458,1
PROD0178,PROD0487,1
PROD0179,PROD0209,1
PROD0179,PROD0211,1
PROD0179,PROD0212,1
PROD0179,PROD0245,1
PROD0179,PROD0258,1
PROD0179,PROD0263,1
PROD0179,PROD0298,1
PROD0179,PROD0412,1
PROD0179,PROD0426,1
PROD0179,PROD0482,1
PROD0180,PROD0184,1
PROD0180,PROD0267,1
PROD0180,PROD0331,1
PROD0180,PROD0371,1
PROD0180,PROD0393,1
PROD0180,PROD0427,1
PROD0180,PROD0463,1
PROD0180,PROD0478,1
PROD0180,PROD0483,1
PROD0181,PROD0217,1
PROD0181,PROD0229,1
PROD0181,PROD0232,1
PROD0181,PROD0236,1
PROD0181,PROD0237,1
PROD0181,PROD0262,1
PROD0181,PROD0313,1
PROD0181,PROD0316,1
PROD0181,PROD0318,1
PROD0181,PROD0327,1
PROD0181,PROD0336,1
PROD0181,PROD0346,1
PROD0181,PROD0352,1
PROD0181,PROD0386,1
PROD0181,PROD0416,1
PROD0181,PROD0418,1
PROD0181,PROD0433,1
PROD0181,PROD0444,1
PROD0181,PROD0449,1
PROD0181,PROD0453,1
PROD0181,PROD0460,1
PROD0181,PROD0465,1
PROD0182,PROD0193,1
PROD0182,PROD0210,1
PROD0182,PROD0236,1
PROD0182,PROD0251,1
PROD0182,PROD0267,1
PROD0182,PROD0271,1
PROD0182,PROD0277,1
PROD0182,PROD0280,1
PROD0182,PROD0296,1
PROD0182,PROD0322,1
PROD0182,PROD0332,1
PROD0182,PROD0352,1
PROD0182,PROD0376,1
PROD0182,PROD0475,1
PROD0182,PROD0497,1
PROD0182,PROD0500,1
PROD0183,PROD0220,1
PROD0183,PROD0237,1
PROD0183,PROD0244,1
PROD0183,PROD0250,1
PROD0183,PROD0265,1
PROD0183,PROD0358,1
PROD0183,PROD0391,1
PROD0183,PROD0397,1
PROD0183,PROD0428,1
PROD0183,PROD0447,1
PROD0183,PROD0465,1
PROD0183,PROD0483,1
PROD0183,PROD0489,1
PROD0183,PROD0493,1
PROD0184,PROD0233,1
PROD0184,PROD0240,1
PROD0184,PROD0243,1
PROD0184,PROD0252,1
PROD0184,PROD0299,1
PROD0184,PROD0302,1
PROD0184,PROD0304,1
PROD0184,PROD0319,1
PROD0184,PROD0331,1
PROD0184,PROD0344,1
PROD0184,PROD0348,1
PROD0184,PROD0382,1
PROD0184,PROD0431,1
PROD0184,PROD0435,1
PROD0184,PROD0446,1
PROD0184,PROD0447,1
PROD0184,PROD0452,1
PROD0184,PROD0463,1
PROD0184,PROD0468,1
PROD0185,PROD0209,1
PROD0185,PROD0222,1
PROD0185,PROD0277,1
PROD0185,PROD0292,1
PROD0185,PROD0296,1
PROD0185,PROD0310,1
PROD0185,PROD0360,1
PROD0186,PROD0250,1
PROD0186,PROD0373,1
PROD0186,PROD0409,1
PROD0186,PROD0424,1
PROD0187,PROD0240,1
PROD0187,PROD0305,1
PROD0187,PROD0342,1
PROD0187,PROD0420,1
PROD0187,PROD0421,1
PROD0188,PROD0210,1
PROD0188,PROD0263,1
PROD0188,PROD0276,1
PROD0188,PROD0305,1
PROD0188,PROD0306,1
PROD0188,PROD0349,1
PROD0188,PROD0382,1
PROD0188,PROD0391,1
PROD0188,PROD0428,1
PROD0188,PROD0430,1
PROD0188,PROD0448,1
PROD0188,PROD0466,1
PROD0188,PROD0467,1
PROD0189,PROD0205,1
PROD0189,PROD0274,1
PROD0189,PROD0336,1
PROD0189,PROD0338,1
PROD0189,PROD0356,1
PROD0189,PROD0363,1
PROD0189,PROD0376,1
PROD0189,PROD0435,1
PROD0189,PROD0477,1
PROD0190,PROD0367,1
PROD0190,PROD0468,1
PROD0191,PROD0221,1
PROD0191,PROD0331,1
PROD0191,PROD0430,1
PROD0191,PROD0453,1
PROD0191,PROD0480,1
PROD0192,PROD0217,1
PROD0192,PROD0234,1
PROD0192,PROD0241,1
PROD0192,PROD0279,1
PROD0192,PROD0293,1
PROD0192,PROD0317,1
PROD0192,PROD0383,1
PROD0192,PROD0396,1
PROD0192,PROD0441,1
PROD0192,PROD0458,1
PROD0192,PROD0465,1
PROD0192,PROD0470,1
PROD0192,PROD0493,1
PROD0193,PROD0246,1
PROD0193,PROD0304,1
PROD0193,PROD0322,1
PROD0193,PROD0332,1
PROD0193,PROD0337,1
PROD0193,PROD0338,1
PROD0193,PROD0343,1
PROD0193,PROD0352,1
PROD0193,PROD0386,1
PROD0193,PROD0484,1
PROD0194,PROD0196,1
PROD0194,PROD0302,1
PROD0194,PROD0356,1
PROD0194,PROD0376,1
PROD0194,PROD0444,1
PROD0195,PROD0291,1
PROD0195,PROD0397,1
PROD0195,PROD0488,1
PROD0196,PROD0238,1
PROD0196,PROD0246,1
PROD0196,PROD0255,1
PROD0196,PROD0378,1
PROD0196,PROD0395,1
PROD0196,PROD0410,1
PROD0196,PROD0424,1
PROD0196,PROD0479,1
PROD0196,PROD0486,1
PROD0197,PROD0203,1
PROD0197,PROD0210,1
PROD0197,PROD0250,1
PROD0197,PROD0300,1
PROD0197,PROD0306,1
PROD0197,PROD0322,1
PROD0197,PROD0323,1
PROD0197,PROD0357,1
PROD0197,PROD0407,1
PROD0197,PROD0416,1
PROD0197,PROD0445,1
PROD0197,PROD0457,1
PROD0197,PROD0463,1
PROD0197,PROD0476,1
PROD0197,PROD0485,1
PROD0198,PROD0205,1
PROD0198,PROD0220,1
PROD0198,PROD0236,1
PROD0198,PROD0326,1
PROD0198,PROD0351,1
PROD0198,PROD0356,1
PROD0198,PROD0397,1
PROD0198,PROD0409,1
PROD0198,PROD0424,1
PROD0198,PROD0448,1
PROD0199,PROD0212,1
PROD0199,PROD0242,1
PROD0199,PROD0285,1
PROD0199,PROD0304,1
PROD0199,PROD0324,1
PROD0199,PROD0331,1
PROD0199,PROD0358,1
PROD0199,PROD0367,1
PROD0199,PROD0375,1
PROD0199,PROD0403,1
PROD0199,PROD0424,1
PROD0199,PROD0477,1
PROD0199,PROD0484,1
PROD0199,PROD0494,1
PROD0200,PROD0225,1
PROD0200,PROD0292,1
PROD0200,PROD0297,1
PROD0200,PROD0338,1
PROD0200,PROD0377,1
PROD0200,PROD0425,1
PROD0200,PROD0484,1
PROD0201,PROD0227,1
PROD0201,PROD0286,1
PROD0201,PROD0303,1
PROD0201,PROD0347,1
PROD0201,PROD0360,1
PROD0201,PROD0393,1
PROD0201,PROD0417,1
PROD0201,PROD0424,1
PROD0201,PROD0446,1
PROD0201,PROD0479,1
PROD0202,PROD0233,1
PROD0202,PROD0234,1
PROD0203,PROD0208,1
PROD0203,PROD0230,1
PROD0203,PROD0235,1
PROD0203,PROD0241,1
PROD0203,PROD0249,1
PROD0203,PROD0256,1
PROD0203,PROD0268,1
PROD0203,PROD0275,1
PROD0203,PROD0299,1
PROD0203,PROD0307,1
PROD0203,PROD0322,1
PROD0203,PROD0365,1
PROD0203,PROD0412,1
PROD0203,PROD0458,1
PROD0203,PROD0479,1
PROD0204,PROD0217,1
PROD0204,PROD0435,1
PROD0204,PROD0497,1
PROD0205,PROD0216,1
PROD0205,PROD0246,1
PROD0205,PROD0261,1
PROD0205,PROD0301,1
PROD0205,PROD0309,1
PROD0205,PROD0338,1
PROD0205,PROD0353,1
PROD0205,PROD0355,1
PROD0205,PROD0356,1
PROD0205,PROD0363,1
PROD0205,PROD0404,1
PROD0205,PROD0409,1
PROD0205,PROD0414,1
PROD0206,PROD0221,1
PROD0206,PROD0247,1
PROD0206,PROD0288,1
PROD0206,PROD0342,1
PROD0206,PROD0402,1
PROD0206,PROD0470,1
PROD0206,PROD0484,1
PROD0207,PROD0213,1
PROD0207,PROD0246,1
PROD0207,PROD0254,1
PROD0207,PROD0296,1
PROD0207,PROD0318,1
PROD0207,PROD0346,1
PROD0207,PROD0380,1
PROD0207,PROD0393,1
PROD0207,PROD0398,1
PROD0207,PROD0408,1
PROD0207,PROD0430,1
PROD0207,PROD0461,1
PROD0207,PROD0466,1
PROD0207,PROD0472,1
PROD0207,PROD0496,1
PROD0208,PROD0214,1
PROD0208,PROD0219,1
PROD0208,PROD0223,1
PROD0208,PROD0226,1
PROD0208,PROD0256,1
PROD0208,PROD0262,1
PROD0208,PROD0323,1
PROD0208,PROD0347,1
PROD0208,PROD0365,1
PROD0208,PROD0376,1
PROD0208,PROD0381,1
PROD0208,PROD0392,1
PROD0208,PROD0405,1
PROD0208,PROD0451,1
PROD0208,PROD0496,1
PROD0209,PROD0223,1
PROD0209,PROD0224,1
PROD0209,PROD0233,1
PROD0209,PROD0245,1
PROD0209,PROD0258,1
PROD0209,PROD0274,1
PROD0209,PROD0281,1
PROD0209,PROD0284,1
PROD0209,PROD0292,1
PROD0209,PROD0312,1
PROD0209,PROD0332,1
PROD0209,PROD0341,1
PROD0209,PROD0355,1
PROD0209,PROD0371,1
PROD0209,PROD0390,1
PROD0209,PROD0412,1
PROD0210,PROD0236,1
PROD0210,PROD0261,1
PROD0210,PROD0267,1
PROD0210,PROD0276,1
PROD0210,PROD0294,1
PROD0210,PROD0320,1
PROD0210,PROD0321,1
PROD0210,PROD0332,1
PROD0210,PROD0350,1
PROD0210,PROD0404,1
PROD0210,PROD0416,1
PROD0210,PROD0448,1
PROD0210,PROD0470,1
PROD0210,PROD0485,1
PROD0211,PROD0229,1
PROD0211,PROD0250,1
PROD0211,PROD0304,1
PROD0211,PROD0308,1
PROD0211,PROD0387,1
PROD0211,PROD0389,1
PROD0211,PROD0407,1
PROD0211,PROD0426,1
PROD0211,PROD0446,1
PROD0211,PROD0471,1
PROD0211,PROD0476,1
PROD0211,PROD0488,1
PROD0212,PROD0227,1
PROD0212,PROD0284,1
PROD0212,PROD0298,1
PROD0212,PROD0321,1
PROD0212,PROD0404,1
PROD0212,PROD0489,1
PROD0213,PROD0296,1
PROD0213,PROD0297,1
PROD0213,PROD0332,1
PROD0213,PROD0346,1
PROD0213,PROD0356,1
PROD0213,PROD0377,1
PROD0213,PROD0393,1
PROD0213,PROD0416,1
PROD0213,PROD0424,1
PROD0213,PROD0433,1
PROD0213,PROD0438,1
PROD0213,PROD0476,1
PROD0213,PROD0496,1
PROD0214,PROD0223,1
PROD0214,PROD0224,1
PROD0214,PROD0268,1
PROD0214,PROD0400,1
PROD0214,PROD0415,1
PROD0214,PROD0446,1
PROD0214,PROD0451,1
PROD0215,PROD0296,1
PROD0215,PROD0300,1
PROD0215,PROD0340,1
PROD0215,PROD0346,1
PROD0215,PROD0356,1
PROD0215,PROD0421,1
PROD0215,PROD0436,1
PROD0215,PROD0500,1
PROD0216,PROD0261,1
PROD0216,PROD0267,1
PROD0216,PROD0275,1
PROD0216,PROD0289,1
PROD0216,PROD0297,1
PROD0216,PROD0319,1
PROD0216,PROD0324,1
PROD0216,PROD0345,1
PROD0216,PROD0351,1
PROD0216,PROD0357,1
PROD0216,PROD0384,1
PROD0217,PROD0218,1
PROD0217,PROD0232,1
PROD0217,PROD0269,1
PROD0217,PROD0293,1
PROD0217,PROD0311,1
PROD0217,PROD0323,1
PROD0217,PROD0346,1
PROD0217,PROD0380,1
PROD0217,PROD0383,1
PROD0217,PROD0394,1
PROD0217,PROD0412,1
PROD0217,PROD0416,1
PROD0217,PROD0444,1
PROD0217,PROD0493,1
PROD0218,PROD0241,1
PROD0218,PROD0317,1
PROD0218,PROD0345,1
PROD0218,PROD0404,1
PROD0218,PROD0405,1
PROD0218,PROD0412,1
PROD0218,PROD0423,1
PROD0219,PROD0224,1
PROD0219,PROD0235,1
PROD0219,PROD0255,1
PROD0219,PROD0262,1
PROD0219,PROD0295,1
PROD0219,PROD0298,1
PROD0219,PROD0309,1
PROD0219,PROD0362,1
PROD0219,PROD0381,1
PROD0219,PROD0467,1
PROD0219,PROD0479,1
PROD0219,PROD0484,1
PROD0220,PROD0221,1
PROD0220,PROD0235,1
PROD0220,PROD0338,1
PROD0220,PROD0367,1
PROD0220,PROD0391,1
PROD0220,PROD0448,1
PROD0220,PROD0466,1
PROD0220,PROD0468,1
PROD0221,PROD0288,1
PROD0221,PROD0289,1
PROD0221,PROD0295,1
PROD0221,PROD0335,1
PROD0221,PROD0380,1
PROD0221,PROD0381,1
PROD0221,PROD0391,1
PROD0221,PROD0402,1
PROD0221,PROD0406,1
PROD0221,PROD0441,1
PROD0221,PROD0470,1
PROD0221,PROD0474,1
PROD0221,PROD0480,1
PROD0221,PROD0486,1
PROD0222,PROD0235,1
PROD0222,PROD0292,1
PROD0222,PROD0310,1
PROD0222,PROD0311,1
PROD0222,PROD0418,1
PROD0222,PROD0433,1
PROD0222,PROD0462,1
PROD0222,PROD0484,1
PROD0223,PROD0233,1
PROD0223,PROD0259,1
PROD0223,PROD0275,1
PROD0223,PROD0281,1
PROD0223,PROD0292,1
PROD0223,PROD0334,1
PROD0223,PROD0340,1
PROD0223,PROD0341,1
PROD0223,PROD0447,1
PROD0223,PROD0451,1
PROD0224,PROD0235,1
PROD0224,PROD0262,1
PROD0224,PROD0310,1
PROD0224,PROD0347,1
PROD0224,PROD0381,1
PROD0224,PROD0394,1
PROD0224,PROD0487,1
PROD0225,PROD0229,1
PROD0225,PROD0232,1
PROD0225,PROD0248,1
PROD0225,PROD0257,1
PROD0225,PROD0262,1
PROD0225,PROD0269,1
PROD0225,PROD0313,1
PROD0225,PROD0362,1
PROD0225,PROD0363,1
PROD0225,PROD0370,1
PROD0225,PROD0371,1
PROD0225,PROD0372,1
PROD0225,PROD0377,1
PROD0225,PROD0390,1
PROD0225,PROD0460,1
PROD0225,PROD0463,1
PROD0225,PROD0480,1
PROD0226,PROD0242,1
PROD0226,PROD0252,1
PROD0226,PROD0278,1
PROD0226,PROD0285,1
PROD0226,PROD0325,1
PROD0226,PROD0397,1
PROD0227,PROD0243,1
PROD0227,PROD0246,1
PROD0227,PROD0284,1
PROD0227,PROD0301,1
PROD0227,PROD0315,1
PROD0227,PROD0323,1
PROD0227,PROD0326,1
PROD0227,PROD0386,1
PROD0227,PROD0399,1
PROD0227,PROD0404,1
PROD0227,PROD0434,1
PROD0227,PROD0449,1
PROD0227,PROD0455,1
PROD0227,PROD0470,1
PROD0227,PROD0489,1
PROD0227,PROD0490,1
PROD0228,PROD0296,1
PROD0228,PROD0349,1
PROD0228,PROD0460,1
PROD0229,PROD0238,1
PROD0229,PROD0243,1
PROD0229,PROD0250,1
PROD0229,PROD0308,1
PROD0229,PROD0318,1
PROD0229,PROD0321,1
PROD0229,PROD0346,1
PROD0229,PROD0376,1
PROD0229,PROD0389,1
PROD0229,PROD0429,1
PROD0229,PROD0446,1
PROD0229,PROD0471,1
PROD0229,PROD0476,1
PROD0229,PROD0488,1
PROD0229,PROD0500,1
PROD0230,PROD0256,1
PROD0230,PROD0261,1
PROD0230,PROD0267,1
PROD0230,PROD0282,1
PROD0230,PROD0306,1
PROD0230,PROD0340,1
PROD0230,PROD0342,1
PROD0230,PROD0366,1
PROD0230,PROD0399,1
PROD0230,PROD0446,1
PROD0230,PROD0453,1
PROD0230,PROD0486,1
PROD0231,PROD0247,1
PROD0231,PROD0251,1
PROD0231,PROD0259,1
PROD0231,PROD0262,1
PROD0231,PROD0273,1
PROD0231,PROD0298,1
PROD0231,PROD0299,1
PROD0231,PROD0307,1
PROD0231,PROD0322,1
PROD0231,PROD0335,1
PROD0231,PROD0432,1
PROD0231,PROD0435,1
PROD0231,PROD0440,1
PROD0231,PROD0447,1
PROD0231,PROD0490,1
PROD0232,PROD0254,1
PROD0232,PROD0261,1
PROD0232,PROD0283,1
PROD0232,PROD0336,1
PROD0232,PROD0343,1
PROD0232,PROD0346,1
PROD0232,PROD0358,1
PROD0232,PROD0363,1
PROD0232,PROD0416,1
PROD0232,PROD0422,1
PROD0232,PROD0444,1
PROD0232,PROD0469,1
PROD0232,PROD0480,1
PROD0232,PROD0481,1
PROD0232,PROD0486,1
PROD0233,PROD0234,1
PROD0233,PROD0243,1
PROD0233,PROD0258,1
PROD0233,PROD0276,1
PROD0233,PROD0281,1
PROD0233,PROD0292,1
PROD0233,PROD0304,1
PROD0233,PROD0319,1
PROD0233,PROD0341,1
PROD0233,PROD0344,1
PROD0233,PROD0364,1
PROD0233,PROD0392,1
PROD0233,PROD0405,1
PROD0233,PROD0406,1
PROD0233,PROD0417,1
PROD0233,PROD0452,1
PROD0233,PROD0453,1
PROD0233,PROD0468,1
PROD0233,PROD0477,1
PROD0234,PROD0237,1
PROD0234,PROD0407,1
PROD0235,PROD0241,1
PROD0235,PROD0262,1
PROD0235,PROD0311,1
PROD0235,PROD0325,1
PROD0235,PROD0330,1
PROD0235,PROD0360,1
PROD0235,PROD0367,1
PROD0235,PROD0381,1
PROD0235,PROD0392,1
PROD0235,PROD0412,1
PROD0235,PROD0418,1
PROD0235,PROD0468,1
PROD0235,PROD0475,1
PROD0235,PROD0484,1
PROD0236,PROD0251,1
PROD0236,PROD0306,1
PROD0236,PROD0320,1
PROD0236,PROD0323,1
PROD0236,PROD0359,1
PROD0236,PROD0413,1
PROD0236,PROD0419,1
PROD0236,PROD0424,1
PROD0236,PROD0428,1
PROD0236,PROD0470,1
PROD0237,PROD0253,1
PROD0237,PROD0370,1
PROD0237,PROD0374,1
PROD0237,PROD0409,1
PROD0237,PROD0428,1
PROD0237,PROD0451,1
PROD0237,PROD0489,1
PROD0238,PROD0300,1
PROD0238,PROD0307,1
PROD0238,PROD0321,1
PROD0238,PROD0334,1
PROD0238,PROD0349,1
PROD0238,PROD0395,1
PROD0238,PROD0408,1
PROD0238,PROD0424,1
PROD0238,PROD0434,1
PROD0238,PROD0463,1
PROD0238,PROD0465,1
PROD0238,PROD0479,1
PROD0240,PROD0252,1
PROD0240,PROD0287,1
PROD0240,PROD0299,1
PROD0240,PROD0338,1
PROD0240,PROD0363,1
PROD0240,PROD0366,1
PROD0240,PROD0420,1
PROD0240,PROD0471,1
PROD0240,PROD0473,1
PROD0240,PROD0478,1
PROD0240,PROD0491,1
PROD0241,PROD0252,1
PROD0241,PROD0281,1
PROD0241,PROD0283,1
PROD0241,PROD0309,1
PROD0241,PROD0351,1
PROD0241,PROD0363,1
PROD0241,PROD0373,1
PROD0241,PROD0376,1
PROD0241,PROD0384,1
PROD0241,PROD0394,1
PROD0241,PROD0397,1
PROD0241,PROD0404,1
PROD0241,PROD0412,1
PROD0241,PROD0423,1
PROD0241,PROD0428,1
PROD0241,PROD0456,1
PROD0241,PROD0458,1
PROD0241,PROD0469,1
PROD0242,PROD0252,1
PROD0242,PROD0434,1
PROD0243,PROD0264,1
PROD0243,PROD0298,1
PROD0243,PROD0301,1
PROD0243,PROD0304,1
PROD0243,PROD0317,1
PROD0243,PROD0319,1
PROD0243,PROD0331,1
PROD0243,PROD0341,1
PROD0243,PROD0344,1
PROD0243,PROD0376,1
PROD0243,PROD0391,1
PROD0243,PROD0417,1
PROD0243,PROD0468,1
PROD0243,PROD0470,1
PROD0243,PROD0478,1
PROD0244,PROD0246,1
PROD0244,PROD0273,1
PROD0244,PROD0317,1
PROD0244,PROD0343,1
PROD0244,PROD0378,1
PROD0244,PROD0397,1
PROD0244,PROD0484,1
PROD0245,PROD0258,1
PROD0245,PROD0280,1
PROD0245,PROD0353,1
PROD0245,PROD0412,1
PROD0245,PROD0434,1
PROD0245,PROD0465,1
PROD0246,PROD0273,1
PROD0246,PROD0275,1
PROD0246,PROD0290,1
PROD0246,PROD0301,1
PROD0246,PROD0302,1
PROD0246,PROD0312,1
PROD0246,PROD0322,1
PROD0246,PROD0352,1
PROD0246,PROD0353,1
PROD0246,PROD0355,1
PROD0246,PROD0374,1
PROD0246,PROD0380,1
PROD0246,PROD0386,1
PROD0246,PROD0414,1
PROD0246,PROD0434,1
PROD0246,PROD0443,1
PROD0246,PROD0465,1
PROD0246,PROD0466,1
PROD0246,PROD0482,1
PROD0246,PROD0484,1
PROD0247,PROD0260,1
PROD0247,PROD0279,1
PROD0247,PROD0299,1
PROD0247,PROD0312,1
PROD0247,PROD0332,1
PROD0247,PROD0367,1
PROD0247,PROD0413,1
PROD0247,PROD0434,1
PROD0247,PROD0465,1
PROD0248,PROD0262,1
PROD0248,PROD0269,1
PROD0248,PROD0359,1
PROD0248,PROD0371,1
PROD0248,PROD0372,1
PROD0248,PROD0390,1
PROD0248,PROD0491,1
PROD0249,PROD0290,1
PROD0249,PROD0354,1
PROD0249,PROD0425,1
PROD0249,PROD0441,1
PROD0249,PROD0479,1
PROD0249,PROD0485,1
PROD0249,PROD0487,1
PROD0249,PROD0499,1
PROD0250,PROD0308,1
PROD0250,PROD0323,1
PROD0250,PROD0343,1
PROD0250,PROD0358,1
PROD0250,PROD0389,1
PROD0250,PROD0403,1
PROD0250,PROD0446,1
PROD0250,PROD0463,1
PROD0250,PROD0465,1
PROD0250,PROD0471,1
PROD0250,PROD0476,1
PROD0250,PROD0488,1
PROD0251,PROD0307,1
PROD0251,PROD0409,1
PROD0252,PROD0270,1
PROD0252,PROD0326,1
PROD0252,PROD0337,1
PROD0252,PROD0357,1
PROD0252,PROD0460,1
PROD0252,PROD0477,1
PROD0253,PROD0269,1
PROD0253,PROD0275,1
PROD0253,PROD0310,1
PROD0253,PROD0316,1
PROD0253,PROD0332,1
PROD0253,PROD0356,1
PROD0253,PROD0374,1
PROD0254,PROD0261,1
PROD0254,PROD0264,1
PROD0254,PROD0283,1
PROD0254,PROD0314,1
PROD0254,PROD0318,1
PROD0254,PROD0334,1
PROD0254,PROD0343,1
PROD0254,PROD0354,1
PROD0254,PROD0416,1
PROD0254,PROD0436,1
PROD0254,PROD0440,1
PROD0254,PROD0472,1
PROD0255,PROD0308,1
PROD0255,PROD0362,1
PROD0255,PROD0479,1
PROD0255,PROD0486,1
PROD0256,PROD0365,1
PROD0256,PROD0376,1
PROD0256,PROD0396,1
PROD0256,PROD0418,1
PROD0256,PROD0430,1
PROD0256,PROD0454,1
PROD0256,PROD0467,1
PROD0256,PROD0496,1
PROD0257,PROD0325,1
PROD0257,PROD0335,1
PROD0257,PROD0336,1
PROD0257,PROD0371,1
PROD0257,PROD0378,1
PROD0257,PROD0380,1
PROD0257,PROD0467,1
PROD0258,PROD0292,1
PROD0258,PROD0412,1
PROD0259,PROD0275,1
PROD0259,PROD0322,1
PROD0259,PROD0340,1
PROD0259,PROD0358,1
PROD0259,PROD0398,1
PROD0260,PROD0413,1
PROD0261,PROD0283,1
PROD0261,PROD0343,1
PROD0261,PROD0348,1
PROD0261,PROD0388,1
PROD0261,PROD0404,1
PROD0261,PROD0455,1
PROD0262,PROD0264,1
PROD0262,PROD0276,1
PROD0262,PROD0304,1
PROD0262,PROD0312,1
PROD0262,PROD0335,1
PROD0262,PROD0352,1
PROD0262,PROD0372,1
PROD0262,PROD0378,1
PROD0262,PROD0381,1
PROD0262,PROD0390,1
PROD0262,PROD0461,1
PROD0262,PROD0476,1
PROD0263,PROD0282,1
PROD0263,PROD0298,1
PROD0263,PROD0302,1
PROD0263,PROD0306,1
PROD0263,PROD0322,1
PROD0263,PROD0380,1
PROD0263,PROD0391,1
PROD0263,PROD0432,1
PROD0263,PROD0482,1
PROD0264,PROD0291,1
PROD0264,PROD0293,1
PROD0264,PROD0295,1
PROD0264,PROD0335,1
PROD0264,PROD0391,1
PROD0264,PROD0476,1
PROD0264,PROD0491,1
PROD0265,PROD0274,1
PROD0265,PROD0343,1
PROD0266,PROD0309,1
PROD0266,PROD0369,1
PROD0266,PROD0392,1
PROD0266,PROD0411,1
PROD0266,PROD0483,1
PROD0266,PROD0495,1
PROD0266,PROD0497,1
PROD0267,PROD0282,1
PROD0267,PROD0283,1
PROD0267,PROD0289,1
PROD0267,PROD0297,1
PROD0267,PROD0301,1
PROD0267,PROD0313,1
PROD0267,PROD0322,1
PROD0267,PROD0342,1
PROD0267,PROD0371,1
PROD0267,PROD0417,1
PROD0267,PROD0422,1
PROD0267,PROD0427,1
PROD0267,PROD0428,1
PROD0267,PROD0456,1
PROD0267,PROD0459,1
PROD0267,PROD0478,1
PROD0267,PROD0483,1
PROD0267,PROD0489,1
PROD0267,PROD0493,1
PROD0268,PROD0271,1
PROD0268,PROD0275,1
PROD0268,PROD0290,1
PROD0268,PROD0293,1
PROD0268,PROD0330,1
PROD0268,PROD0374,1
PROD0268,PROD0387,1
PROD0268,PROD0424,1
PROD0268,PROD0433,1
PROD0268,PROD0451,1
PROD0269,PROD0275,1
PROD0269,PROD0310,1
PROD0269,PROD0311,1
PROD0269,PROD0332,1
PROD0269,PROD0336,1
PROD0269,PROD0377,1
PROD0269,PROD0394,1
PROD0269,PROD0430,1
PROD0269,PROD0485,1
PROD0270,PROD0326,1
PROD0270,PROD0337,1
PROD0270,PROD0419,1
PROD0271,PROD0277,1
PROD0271,PROD0280,1
PROD0271,PROD0394,1
PROD0271,PROD0421,1
PROD0271,PROD0467,1
PROD0271,PROD0475,1
PROD0272,PROD0306,1
PROD0272,PROD0343,1
PROD0272,PROD0350,1
PROD0272,PROD0370,1
PROD0272,PROD0422,1
PROD0272,PROD0436,1
PROD0272,PROD0481,1
PROD0272,PROD0495,1
PROD0273,PROD0312,1
PROD0273,PROD0313,1
PROD0273,PROD0317,1
PROD0273,PROD0370,1
PROD0273,PROD0420,1
PROD0273,PROD0432,1
PROD0273,PROD0482,1
PROD0274,PROD0284,1
PROD0274,PROD0311,1
PROD0274,PROD0355,1
PROD0274,PROD0387,1
PROD0274,PROD0390,1
PROD0274,PROD0406,1
PROD0274,PROD0448,1
PROD0274,PROD0472,1
PROD0274,PROD0497,1
PROD0275,PROD0284,1
PROD0275,PROD0290,1
PROD0275,PROD0310,1
PROD0275,PROD0324,1
PROD0275,PROD0332,1
PROD0275,PROD0340,1
PROD0275,PROD0351,1
PROD0275,PROD0357,1
PROD0275,PROD0394,1
PROD0275,PROD0459,1
PROD0275,PROD0478,1
PROD0275,PROD0493,1
PROD0276,PROD0312,1
PROD0276,PROD0321,1
PROD0276,PROD0364,1
PROD0276,PROD0400,1
PROD0276,PROD0448,1
PROD0276,PROD0452,1
PROD0276,PROD0477,1
PROD0276,PROD0482,1
PROD0277,PROD0280,1
PROD0277,PROD0296,1
PROD0277,PROD0323,1
PROD0277,PROD0378,1
PROD0277,PROD0473,1
PROD0277,PROD0475,1
PROD0277,PROD0493,1
PROD0278,PROD0397,1
PROD0278,PROD0413,1
PROD0278,PROD0489,1
PROD0278,PROD0493,1
PROD0279,PROD0445,1
PROD0280,PROD0332,1
PROD0280,PROD0465,1
PROD0280,PROD0475,1
PROD0281,PROD0313,1
PROD0281,PROD0327,1
PROD0281,PROD0341,1
PROD0281,PROD0373,1
PROD0281,PROD0375,1
PROD0281,PROD0378,1
PROD0281,PROD0384,1
PROD0281,PROD0392,1
PROD0281,PROD0396,1
PROD0281,PROD0435,1
PROD0281,PROD0470,1
PROD0281,PROD0499,1
PROD0282,PROD0318,1
PROD0282,PROD0342,1
PROD0282,PROD0354,1
PROD0282,PROD0387,1
PROD0282,PROD0432,1
PROD0283,PROD0322,1
PROD0283,PROD0343,1
PROD0283,PROD0371,1
PROD0283,PROD0422,1
PROD0283,PROD0459,1
PROD0283,PROD0489,1
PROD0284,PROD0297,1
PROD0284,PROD0308,1
PROD0284,PROD0345,1
PROD0284,PROD0355,1
PROD0284,PROD0359,1
PROD0284,PROD0390,1
PROD0284,PROD0404,1
PROD0284,PROD0447,1
PROD0284,PROD0459,1
PROD0284,PROD0483,1
PROD0284,PROD0489,1
PROD0285,PROD0305,1
PROD0285,PROD0322,1
PROD0285,PROD0331,1
PROD0285,PROD0367,1
PROD0285,PROD0375,1
PROD0285,PROD0400,1
PROD0285,PROD0449,1
PROD0285,PROD0465,1
PROD0285,PROD0477,1
PROD0285,PROD0484,1
PROD0285,PROD0494,1
PROD0286,PROD0347,1
PROD0286,PROD0396,1
PROD0286,PROD0457,1
PROD0287,PROD0292,1
PROD0287,PROD0328,1
PROD0287,PROD0374,1
PROD0287,PROD0447,1
PROD0287,PROD0453,1
PROD0287,PROD0478,1
PROD0287,PROD0497,1
PROD0288,PROD0402,1
PROD0288,PROD0470,1
PROD0288,PROD0484,1
PROD0289,PROD0334,1
PROD0289,PROD0341,1
PROD0289,PROD0380,1
PROD0289,PROD0384,1
PROD0289,PROD0386,1
PROD0289,PROD0391,1
PROD0289,PROD0401,1
PROD0289,PROD0456,1
PROD0289,PROD0459,1
PROD0289,PROD0473,1
PROD0289,PROD0486,1
PROD0289,PROD0493,1
PROD0290,PROD0293,1
PROD0290,PROD0318,1
PROD0290,PROD0329,1
PROD0290,PROD0331,1
PROD0290,PROD0338,1
PROD0290,PROD0348,1
PROD0290,PROD0363,1
PROD0290,PROD0418,1
PROD0290,PROD0451,1
PROD0291,PROD0377,1
PROD0291,PROD0397,1
PROD0291,PROD0466,1
PROD0291,PROD0489,1
PROD0292,PROD0310,1
PROD0292,PROD0327,1
PROD0292,PROD0328,1
PROD0292,PROD0331,1
PROD0292,PROD0338,1
PROD0292,PROD0341,1
PROD0292,PROD0360,1
PROD0292,PROD0397,1
PROD0292,PROD0406,1
PROD0292,PROD0421,1
PROD0292,PROD0425,1
PROD0292,PROD0447,1
PROD0292,PROD0461,1
PROD0292,PROD0464,1
PROD0292,PROD0500,1
PROD0293,PROD0295,1
PROD0293,PROD0365,1
PROD0293,PROD0383,1
PROD0293,PROD0431,1
PROD0293,PROD0438,1
PROD0293,PROD0451,1
PROD0293,PROD0493,1
PROD0294,PROD0373,1
PROD0294,PROD0405,1
PROD0294,PROD0454,1
PROD0294,PROD0496,1
PROD0295,PROD0309,1
PROD0295,PROD0335,1
PROD0295,PROD0365,1
PROD0295,PROD0378,1
PROD0295,PROD0383,1
PROD0295,PROD0406,1
PROD0295,PROD0464,1
PROD0295,PROD0467,1
PROD0295,PROD0468,1
PROD0295,PROD0477,1
PROD0295,PROD0491,1
PROD0296,PROD0322,1
PROD0296,PROD0346,1
PROD0296,PROD0362,1
PROD0296,PROD0393,1
PROD0296,PROD0460,1
PROD0296,PROD0480,1
PROD0296,PROD0496,1
PROD0297,PROD0312,1
PROD0297,PROD0356,1
PROD0297,PROD0381,1
PROD0297,PROD0395,1
PROD0297,PROD0405,1
PROD0297,PROD0424,1
PROD0297,PROD0429,1
PROD0297,PROD0477,1
PROD0297,PROD0479,1
PROD0298,PROD0322,1
PROD0298,PROD0375,1
PROD0298,PROD0394,1
PROD0298,PROD0426,1
PROD0298,PROD0490,1
PROD0299,PROD0302,1
PROD0299,PROD0322,1
PROD0299,PROD0329,1
PROD0299,PROD0348,1
PROD0299,PROD0382,1
PROD0299,PROD0431,1
PROD0299,PROD0435,1
PROD0299,PROD0452,1
PROD0299,PROD0471,1
PROD0299,PROD0473,1
PROD0299,PROD0476,1
PROD0299,PROD0482,1
PROD0299,PROD0491,1
PROD0300,PROD0307,1
PROD0300,PROD0346,1
PROD0300,PROD0356,1
PROD0300,PROD0421,1
PROD0300,PROD0436,1
PROD0300,PROD0445,1
PROD0300,PROD0459,1
PROD0301,PROD0318,1
PROD0301,PROD0353,1
PROD0301,PROD0354,1
PROD0301,PROD0355,1
PROD0301,PROD0390,1
PROD0301,PROD0414,1
PROD0301,PROD0456,1
PROD0301,PROD0470,1
PROD0302,PROD0348,1
PROD0302,PROD0380,1
PROD0302,PROD0382,1
PROD0302,PROD0391,1
PROD0302,PROD0431,1
PROD0302,PROD0435,1
PROD0302,PROD0451,1
PROD0302,PROD0452,1
PROD0303,PROD0367,1
PROD0304,PROD0319,1
PROD0304,PROD0332,1
PROD0304,PROD0343,1
PROD0304,PROD0344,1
PROD0304,PROD0355,1
PROD0304,PROD0386,1
PROD0304,PROD0387,1
PROD0304,PROD0390,1
PROD0304,PROD0424,1
PROD0304,PROD0468,1
PROD0304,PROD0479,1
PROD0305,PROD0313,1
PROD0305,PROD0322,1
PROD0305,PROD0342,1
PROD0305,PROD0349,1
PROD0305,PROD0362,1
PROD0305,PROD0370,1
PROD0305,PROD0400,1
PROD0305,PROD0412,1
PROD0305,PROD0429,1
PROD0305,PROD0440,1
PROD0305,PROD0460,1
PROD0305,PROD0466,1
PROD0306,PROD0343,1
PROD0306,PROD0350,1
PROD0306,PROD0356,1
PROD0306,PROD0357,1
PROD0306,PROD0391,1
PROD0306,PROD0422,1
PROD0306,PROD0426,1
PROD0306,PROD0452,1
PROD0307,PROD0358,1
PROD0307,PROD0467,1
PROD0307,PROD0488,1
PROD0308,PROD0314,1
PROD0308,PROD0335,1
PROD0308,PROD0359,1
PROD0308,PROD0389,1
PROD0308,PROD0408,1
PROD0308,PROD0438,1
PROD0308,PROD0446,1
PROD0308,PROD0471,1
PROD0308,PROD0476,1
PROD0308,PROD0483,1
PROD0308,PROD0488,1
PROD0309,PROD0319,1
PROD0309,PROD0363,1
PROD0309,PROD0372,1
PROD0309,PROD0394,1
PROD0309,PROD0397,1
PROD0309,PROD0467,1
PROD0309,PROD0484,1
PROD0310,PROD0332,1
PROD0310,PROD0333,1
PROD0310,PROD0360,1
PROD0310,PROD0394,1
PROD0310,PROD0397,1
PROD0310,PROD0467,1
PROD0310,PROD0493,1
PROD0311,PROD0336,1
PROD0311,PROD0360,1
PROD0311,PROD0394,1
PROD0311,PROD0418,1
PROD0311,PROD0484,1
PROD0311,PROD0498,1
PROD0312,PROD0317,1
PROD0312,PROD0372,1
PROD0312,PROD0378,1
PROD0312,PROD0381,1
PROD0312,PROD0405,1
PROD0312,PROD0429,1
PROD0312,PROD0465,1
PROD0312,PROD0482,1
PROD0313,PROD0327,1
PROD0313,PROD0362,1
PROD0313,PROD0378,1
PROD0313,PROD0396,1
PROD0313,PROD0482,1
PROD0313,PROD0499,1
PROD0315,PROD0410,1
PROD0315,PROD0424,1
PROD0315,PROD0430,1
PROD0316,PROD0363,1
PROD0316,PROD0403,1
PROD0316,PROD0454,1
PROD0317,PROD0345,1
PROD0317,PROD0371,1
PROD0317,PROD0458,1
PROD0317,PROD0465,1
PROD0318,PROD0327,1
PROD0318,PROD0329,1
PROD0318,PROD0354,1
PROD0318,PROD0387,1
PROD0318,PROD0390,1
PROD0318,PROD0410,1
PROD0318,PROD0471,1
PROD0318,PROD0472,1
PROD0319,PROD0344,1
PROD0319,PROD0370,1
PROD0319,PROD0372,1
PROD0319,PROD0406,1
PROD0319,PROD0440,1
PROD0319,PROD0449,1
PROD0319,PROD0468,1
PROD0319,PROD0476,1
PROD0319,PROD0485,1
PROD0320,PROD0343,1
PROD0320,PROD0350,1
PROD0320,PROD0355,1
PROD0320,PROD0470,1
PROD0320,PROD0472,1
PROD0320,PROD0482,1
PROD0321,PROD0358,1
PROD0321,PROD0404,1
PROD0321,PROD0482,1
PROD0322,PROD0350,1
PROD0322,PROD0362,1
PROD0322,PROD0400,1
PROD0322,PROD0422,1
PROD0322,PROD0484,1
PROD0322,PROD0489,1
PROD0323,PROD0359,1
PROD0323,PROD0378,1
PROD0323,PROD0380,1
PROD0323,PROD0386,1
PROD0323,PROD0413,1
PROD0323,PROD0449,1
PROD0323,PROD0463,1
PROD0323,PROD0468,1
PROD0323,PROD0473,1
PROD0323,PROD0490,1
PROD0323,PROD0493,1
PROD0324,PROD0351,1
PROD0324,PROD0357,1
PROD0324,PROD0358,1
PROD0324,PROD0403,1
PROD0324,PROD0445,1
PROD0324,PROD0484,1
PROD0325,PROD0428,1
PROD0325,PROD0430,1
PROD0326,PROD0337,1
PROD0326,PROD0356,1
PROD0326,PROD0455,1
PROD0327,PROD0386,1
PROD0327,PROD0428,1
PROD0327,PROD0471,1
PROD0328,PROD0358,1
PROD0328,PROD0361,1
PROD0328,PROD0396,1
PROD0328,PROD0410,1
PROD0328,PROD0428,1
PROD0328,PROD0447,1
PROD0328,PROD0471,1
PROD0329,PROD0342,1
PROD0329,PROD0347,1
PROD0329,PROD0348,1
PROD0329,PROD0355,1
PROD0329,PROD0435,1
PROD0329,PROD0441,1
PROD0329,PROD0445,1
PROD0330,PROD0340,1
PROD0330,PROD0376,1
PROD0330,PROD0387,1
PROD0330,PROD0388,1
PROD0330,PROD0461,1
PROD0330,PROD0488,1
PROD0330,PROD0494,1
PROD0331,PROD0332,1
PROD0331,PROD0339,1
PROD0331,PROD0341,1
PROD0331,PROD0430,1
PROD0331,PROD0453,1
PROD0331,PROD0463,1
PROD0331,PROD0478,1
PROD0331,PROD0484,1
PROD0331,PROD0500,1
PROD0332,PROD0339,1
PROD0332,PROD0343,1
PROD0332,PROD0350,1
PROD0332,PROD0371,1
PROD0332,PROD0386,1
PROD0332,PROD0497,1
PROD0333,PROD0397,1
PROD0333,PROD0446,1
PROD0333,PROD0460,1
PROD0333,PROD0461,1
PROD0333,PROD0493,1
PROD0334,PROD0341,1
PROD0334,PROD0349,1
PROD0334,PROD0354,1
PROD0334,PROD0373,1
PROD0334,PROD0382,1
PROD0334,PROD0392,1
PROD0334,PROD0401,1
PROD0334,PROD0408,1
PROD0334,PROD0416,1
PROD0334,PROD0434,1
PROD0334,PROD0447,1
PROD0335,PROD0336,1
PROD0335,PROD0359,1
PROD0335,PROD0373,1
PROD0335,PROD0378,1
PROD0335,PROD0429,1
PROD0335,PROD0441,1
PROD0335,PROD0491,1
PROD0335,PROD0497,1
PROD0336,PROD0346,1
PROD0336,PROD0392,1
PROD0336,PROD0394,1
PROD0336,PROD0407,1
PROD0336,PROD0416,1
PROD0336,PROD0444,1
PROD0336,PROD0457,1
PROD0336,PROD0477,1
PROD0337,PROD0338,1
PROD0337,PROD0352,1
PROD0337,PROD0380,1
PROD0337,PROD0457,1
PROD0338,PROD0356,1
PROD0338,PROD0366,1
PROD0338,PROD0425,1
PROD0338,PROD0466,1
PROD0338,PROD0473,1
PROD0338,PROD0481,1
PROD0338,PROD0483,1
PROD0339,PROD0389,1
PROD0339,PROD0402,1
PROD0339,PROD0469,1
PROD0340,PROD0375,1
PROD0340,PROD0379,1
PROD0340,PROD0403,1
PROD0340,PROD0408,1
PROD0340,PROD0415,1
PROD0340,PROD0420,1
PROD0340,PROD0438,1
PROD0340,PROD0453,1
PROD0340,PROD0486,1
PROD0340,PROD0500,1
PROD0341,PROD0385,1
PROD0341,PROD0401,1
PROD0341,PROD0426,1
PROD0341,PROD0428,1
PROD0341,PROD0478,1
PROD0342,PROD0391,1
PROD0342,PROD0423,1
PROD0342,PROD0482,1
PROD0342,PROD0485,1
PROD0342,PROD0488,1
PROD0343,PROD0350,1
PROD0343,PROD0358,1
PROD0343,PROD0370,1
PROD0343,PROD0376,1
PROD0343,PROD0386,1
PROD0343,PROD0391,1
PROD0343,PROD0397,1
PROD0343,PROD0455,1
PROD0343,PROD0465,1
PROD0343,PROD0481,1
PROD0343,PROD0493,1
PROD0344,PROD0357,1
PROD0344,PROD0359,1
PROD0344,PROD0387,1
PROD0344,PROD0400,1
PROD0344,PROD0468,1
PROD0345,PROD0359,1
PROD0345,PROD0447,1
PROD0346,PROD0356,1
PROD0346,PROD0393,1
PROD0346,PROD0416,1
PROD0346,PROD0421,1
PROD0346,PROD0436,1
PROD0346,PROD0444,1
PROD0346,PROD0496,1
PROD0347,PROD0348,1
PROD0347,PROD0355,1
PROD0347,PROD0405,1
PROD0347,PROD0428,1
PROD0347,PROD0435,1
PROD0347,PROD0445,1
PROD0347,PROD0446,1
PROD0347,PROD0497,1
PROD0348,PROD0355,1
PROD0348,PROD0363,1
PROD0348,PROD0382,1
PROD0348,PROD0388,1
PROD0348,PROD0418,1
PROD0348,PROD0431,1
PROD0348,PROD0452,1
PROD0348,PROD0455,1
PROD0348,PROD0475,1
PROD0349,PROD0408,1
PROD0349,PROD0415,1
PROD0349,PROD0434,1
PROD0349,PROD0466,1
PROD0350,PROD0418,1
PROD0350,PROD0422,1
PROD0350,PROD0424,1
PROD0350,PROD0461,1
PROD0351,PROD0357,1
PROD0351,PROD0363,1
PROD0351,PROD0398,1
PROD0351,PROD0419,1
PROD0351,PROD0425,1
PROD0352,PROD0380,1
PROD0352,PROD0386,1
PROD0352,PROD0394,1
PROD0352,PROD0443,1
PROD0352,PROD0448,1
PROD0352,PROD0493,1
PROD0353,PROD0355,1
PROD0353,PROD0414,1
PROD0354,PROD0390,1
PROD0354,PROD0416,1
PROD0354,PROD0425,1
PROD0354,PROD0441,1
PROD0354,PROD0485,1
PROD0355,PROD0390,1
PROD0355,PROD0414,1
PROD0355,PROD0435,1
PROD0355,PROD0438,1
PROD0355,PROD0477,1
PROD0356,PROD0421,1
PROD0356,PROD0424,1
PROD0356,PROD0436,1
PROD0356,PROD0445,1
PROD0357,PROD0359,1
PROD0357,PROD0387,1
PROD0357,PROD0400,1
PROD0357,PROD0477,1
PROD0358,PROD0361,1
PROD0358,PROD0398,1
PROD0358,PROD0403,1
PROD0358,PROD0410,1
PROD0358,PROD0465,1
PROD0358,PROD0471,1
PROD0358,PROD0484,1
PROD0359,PROD0387,1
PROD0359,PROD0400,1
PROD0359,PROD0411,1
PROD0359,PROD0447,1
PROD0359,PROD0459,1
PROD0359,PROD0478,1
PROD0359,PROD0491,1
PROD0360,PROD0393,1
PROD0360,PROD0418,1
PROD0360,PROD0467,1
PROD0360,PROD0479,1
PROD0360,PROD0484,1
PROD0361,PROD0410,1
PROD0361,PROD0471,1
PROD0361,PROD0489,1
PROD0362,PROD0386,1
PROD0362,PROD0400,1
PROD0362,PROD0441,1
PROD0362,PROD0458,1
PROD0362,PROD0479,1
PROD0362,PROD0499,1
PROD0363,PROD0397,1
PROD0363,PROD0403,1
PROD0363,PROD0417,1
PROD0363,PROD0418,1
PROD0363,PROD0476,1
PROD0363,PROD0477,1
PROD0363,PROD0480,1
PROD0363,PROD0494,1
PROD0363,PROD0497,1
PROD0363,PROD0500,1
PROD0364,PROD0452,1
PROD0364,PROD0477,1
PROD0365,PROD0376,1
PROD0365,PROD0458,1
PROD0365,PROD0496,1
PROD0366,PROD0367,1
PROD0366,PROD0437,1
PROD0366,PROD0446,1
PROD0367,PROD0437,1
PROD0367,PROD0477,1
PROD0367,PROD0494,1
PROD0369,PROD0446,1
PROD0369,PROD0468,1
PROD0369,PROD0483,1
PROD0370,PROD0390,1
PROD0370,PROD0404,1
PROD0370,PROD0419,1
PROD0370,PROD0420,1
PROD0370,PROD0423,1
PROD0370,PROD0428,1
PROD0370,PROD0447,1
PROD0370,PROD0460,1
PROD0370,PROD0481,1
PROD0370,PROD0483,1
PROD0370,PROD0489,1
PROD0371,PROD0373,1
PROD0371,PROD0393,1
PROD0371,PROD0411,1
PROD0371,PROD0427,1
PROD0371,PROD0459,1
PROD0371,PROD0478,1
PROD0371,PROD0483,1
PROD0371,PROD0491,1
PROD0372,PROD0463,1
PROD0373,PROD0382,1
PROD0373,PROD0384,1
PROD0373,PROD0409,1
PROD0373,PROD0454,1
PROD0375,PROD0398,1
PROD0376,PROD0388,1
PROD0376,PROD0391,1
PROD0376,PROD0428,1
PROD0376,PROD0444,1
PROD0376,PROD0455,1
PROD0376,PROD0461,1
PROD0376,PROD0469,1
PROD0376,PROD0496,1
PROD0376,PROD0500,1
PROD0377,PROD0413,1
PROD0377,PROD0430,1
PROD0377,PROD0435,1
PROD0377,PROD0438,1
PROD0377,PROD0466,1
PROD0377,PROD0485,1
PROD0378,PROD0396,1
PROD0378,PROD0473,1
PROD0378,PROD0476,1
PROD0378,PROD0484,1
PROD0378,PROD0491,1
PROD0378,PROD0493,1
PROD0378,PROD0499,1
PROD0379,PROD0403,1
PROD0379,PROD0415,1
PROD0379,PROD0438,1
PROD0380,PROD0391,1
PROD0380,PROD0466,1
PROD0380,PROD0486,1
PROD0380,PROD0495,1
PROD0381,PROD0405,1
PROD0381,PROD0429,1
PROD0382,PROD0431,1
PROD0382,PROD0435,1
PROD0382,PROD0452,1
PROD0383,PROD0422,1
PROD0383,PROD0464,1
PROD0383,PROD0468,1
PROD0383,PROD0493,1
PROD0385,PROD0426,1
PROD0385,PROD0428,1
PROD0385,PROD0444,1
PROD0386,PROD0421,1
PROD0386,PROD0432,1
PROD0386,PROD0449,1
PROD0386,PROD0456,1
PROD0386,PROD0490,1
PROD0386,PROD0499,1
PROD0387,PROD0396,1
PROD0387,PROD0400,1
PROD0387,PROD0428,1
PROD0387,PROD0481,1
PROD0387,PROD0482,1
PROD0388,PROD0455,1
PROD0388,PROD0461,1
PROD0389,PROD0402,1
PROD0389,PROD0446,1
PROD0389,PROD0469,1
PROD0389,PROD0471,1
PROD0389,PROD0476,1
PROD0389,PROD0488,1
PROD0390,PROD0419,1
PROD0391,PROD0451,1
PROD0391,PROD0455,1
PROD0391,PROD0486,1
PROD0391,PROD0488,1
PROD0392,PROD0406,1
PROD0392,PROD0411,1
PROD0392,PROD0457,1
PROD0393,PROD0421,1
PROD0393,PROD0427,1
PROD0393,PROD0428,1
PROD0393,PROD0478,1
PROD0393,PROD0483,1
PROD0393,PROD0493,1
PROD0393,PROD0496,1
PROD0394,PROD0409,1
PROD0394,PROD0426,1
PROD0394,PROD0432,1
PROD0394,PROD0435,1
PROD0394,PROD0458,1
PROD0394,PROD0467,1
PROD0394,PROD0493,1
PROD0395,PROD0424,1
PROD0396,PROD0454,1
PROD0396,PROD0470,1
PROD0396,PROD0499,1
PROD0397,PROD0407,1
PROD0397,PROD0409,1
PROD0397,PROD0421,1
PROD0397,PROD0455,1
PROD0397,PROD0461,1
PROD0397,PROD0493,1
PROD0398,PROD0408,1
PROD0398,PROD0425,1
PROD0398,PROD0461,1
PROD0399,PROD0430,1
PROD0399,PROD0500,1
PROD0400,PROD0415,1
PROD0400,PROD0458,1
PROD0402,PROD0469,1
PROD0402,PROD0470,1
PROD0402,PROD0484,1
PROD0403,PROD0412,1
PROD0403,PROD0415,1
PROD0403,PROD0433,1
PROD0403,PROD0438,1
PROD0403,PROD0484,1
PROD0404,PROD0423,1
PROD0404,PROD0450,1
PROD0404,PROD0489,1
PROD0405,PROD0417,1
PROD0405,PROD0429,1
PROD0405,PROD0452,1
PROD0405,PROD0496,1
PROD0406,PROD0422,1
PROD0406,PROD0440,1
PROD0406,PROD0472,1
PROD0406,PROD0476,1
PROD0406,PROD0484,1
PROD0406,PROD0497,1
PROD0407,PROD0445,1
PROD0407,PROD0454,1
PROD0408,PROD0434,1
PROD0408,PROD0438,1
PROD0408,PROD0461,1
PROD0409,PROD0435,1
PROD0409,PROD0462,1
PROD0410,PROD0424,1
PROD0410,PROD0430,1
PROD0410,PROD0471,1
PROD0410,PROD0473,1
PROD0410,PROD0500,1
PROD0412,PROD0421,1
PROD0412,PROD0446,1
PROD0413,PROD0435,1
PROD0413,PROD0459,1
PROD0413,PROD0478,1
PROD0413,PROD0493,1
PROD0415,PROD0438,1
PROD0416,PROD0433,1
PROD0416,PROD0444,1
PROD0416,PROD0485,1
PROD0417,PROD0424,1
PROD0417,PROD0477,1
PROD0417,PROD0500,1
PROD0418,PROD0424,1
PROD0418,PROD0449,1
PROD0418,PROD0460,1
PROD0418,PROD0461,1
PROD0418,PROD0465,1
PROD0418,PROD0484,1
PROD0419,PROD0424,1
PROD0420,PROD0449,1
PROD0420,PROD0485,1
PROD0421,PROD0432,1
PROD0421,PROD0436,1
PROD0421,PROD0446,1
PROD0421,PROD0461,1
PROD0421,PROD0493,1
PROD0422,PROD0452,1
PROD0422,PROD0468,1
PROD0422,PROD0469,1
PROD0422,PROD0489,1
PROD0423,PROD0447,1
PROD0423,PROD0477,1
PROD0423,PROD0485,1
PROD0424,PROD0430,1
PROD0424,PROD0460,1
PROD0424,PROD0461,1
PROD0424,PROD0462,1
PROD0424,PROD0479,1
PROD0425,PROD0426,1
PROD0425,PROD0441,1
PROD0425,PROD0442,1
PROD0425,PROD0485,1
PROD0425,PROD0497,1
PROD0426,PROD0428,1
PROD0426,PROD0497,1
PROD0427,PROD0478,1
PROD0427,PROD0483,1
PROD0428,PROD0440,1
PROD0428,PROD0469,1
PROD0428,PROD0489,1
PROD0429,PROD0440,1
PROD0429,PROD0500,1
PROD0430,PROD0437,1
PROD0430,PROD0453,1
PROD0430,PROD0467,1
PROD0430,PROD0485,1
PROD0430,PROD0491,1
PROD0430,PROD0500,1
PROD0431,PROD0435,1
PROD0431,PROD0438,1
PROD0431,PROD0452,1
PROD0432,PROD0446,1
PROD0432,PROD0458,1
PROD0433,PROD0462,1
PROD0434,PROD0463,1
PROD0434,PROD0465,1
PROD0435,PROD0447,1
PROD0435,PROD0452,1
PROD0435,PROD0470,1
PROD0435,PROD0497,1
PROD0436,PROD0495,1
PROD0437,PROD0491,1
PROD0438,PROD0439,1
PROD0438,PROD0477,1
PROD0440,PROD0476,1
PROD0440,PROD0489,1
PROD0441,PROD0445,1
PROD0441,PROD0458,1
PROD0441,PROD0465,1
PROD0441,PROD0485,1
PROD0445,PROD0478,1
PROD0445,PROD0497,1
PROD0446,PROD0468,1
PROD0446,PROD0471,1
PROD0446,PROD0476,1
PROD0446,PROD0479,1
PROD0446,PROD0488,1
PROD0447,PROD0477,1
PROD0447,PROD0478,1
PROD0447,PROD0483,1
PROD0449,PROD0460,1
PROD0449,PROD0465,1
PROD0449,PROD0485,1
PROD0449,PROD0490,1
PROD0452,PROD0477,1
PROD0453,PROD0486,1
PROD0454,PROD0468,1
PROD0455,PROD0459,1
PROD0457,PROD0468,1
PROD0458,PROD0464,1
PROD0458,PROD0484,1
PROD0459,PROD0478,1
PROD0459,PROD0493,1
PROD0460,PROD0465,1
PROD0463,PROD0465,1
PROD0464,PROD0484,1
PROD0465,PROD0482,1
PROD0467,PROD0484,1
PROD0467,PROD0488,1
PROD0468,PROD0477,1
PROD0470,PROD0484,1
PROD0471,PROD0473,1
PROD0471,PROD0476,1
PROD0471,PROD0488,1
PROD0471,PROD0491,1
PROD0472,PROD0497,1
PROD0473,PROD0478,1
PROD0473,PROD0481,1
PROD0473,PROD0491,1
PROD0473,PROD0493,1
PROD0476,PROD0488,1
PROD0477,PROD0494,1
PROD0478,PROD0483,1
PROD0481,PROD0486,1
PROD0482,PROD0487,1
PROD0482,PROD0492,1
PROD0485,PROD0487,1
PROD0492,PROD0498,1
