customer_id,first_category,last_category
CUST0001,Electronics,Clothing
CUST0001,Electronics,Clothing
CUST0001,Electronics,Clothing
CUST0002,Books,Electronics
CUST0002,Books,Electronics
CUST0003,Home,Clothing
CUST0003,Home,Clothing
CUST0004,Home,Home
CUST0004,Home,Home
CUST0004,Home,Home
CUST0004,Home,Home
CUST0004,Home,Home
CUST0004,Home,Home
CUST0004,Home,Home
CUST0004,Home,Home
CUST0004,Home,Home
CUST0004,Home,Home
CUST0005,Books,Electronics
CUST0005,Books,Electronics
CUST0005,Books,Electronics
CUST0005,Books,Electronics
CUST0005,Books,Electronics
CUST0005,Books,Electronics
CUST0005,Books,Electronics
CUST0005,Books,Electronics
CUST0005,Books,Electronics
CUST0006,Books,Home
CUST0006,Books,Home
CUST0006,Books,Home
CUST0006,Books,Home
CUST0006,Books,Home
CUST0006,Books,Home
CUST0006,Books,Home
CUST0006,Books,Home
CUST0006,Books,Home
CUST0006,Books,Home
CUST0006,Books,Home
CUST0006,Books,Home
CUST0006,Books,Home
CUST0006,Books,Home
CUST0006,Books,Home
CUST0006,Books,Home
CUST0006,Books,Home
CUST0006,Books,Home
CUST0006,Books,Home
CUST0006,Books,Home
CUST0006,Books,Home
CUST0006,Books,Home
CUST0006,Books,Home
CUST0006,Books,Home
CUST0006,Books,Home
CUST0006,Books,Home
CUST0006,Books,Home
CUST0007,Clothing,Electronics
CUST0007,Clothing,Electronics
CUST0007,Clothing,Electronics
CUST0007,Clothing,Electronics
CUST0007,Clothing,Electronics
CUST0007,Clothing,Electronics
CUST0007,Clothing,Electronics
CUST0007,Clothing,Electronics
CUST0007,Clothing,Electronics
CUST0007,Clothing,Electronics
CUST0007,Clothing,Electronics
CUST0007,Clothing,Electronics
CUST0007,Clothing,Electronics
CUST0007,Clothing,Electronics
CUST0008,Books,Home
CUST0008,Books,Home
CUST0008,Books,Home
CUST0008,Books,Home
CUST0008,Books,Home
CUST0008,Books,Home
CUST0008,Books,Home
CUST0008,Books,Home
CUST0008,Books,Home
CUST0008,Books,Home
CUST0008,Books,Home
CUST0008,Books,Home
CUST0008,Books,Home
CUST0008,Books,Home
CUST0009,Home,Electronics
CUST0009,Home,Electronics
CUST0009,Home,Electronics
CUST0009,Home,Electronics
CUST0010,Electronics,Home
CUST0010,Electronics,Home
CUST0010,Electronics,Home
CUST0010,Electronics,Home
CUST0010,Electronics,Home
CUST0010,Electronics,Home
CUST0010,Electronics,Home
CUST0010,Electronics,Home
CUST0010,Electronics,Home
CUST0010,Electronics,Home
CUST0010,Electronics,Home
CUST0010,Electronics,Home
CUST0010,Electronics,Home
CUST0010,Electronics,Home
CUST0010,Electronics,Home
CUST0010,Electronics,Home
CUST0010,Electronics,Home
CUST0010,Electronics,Home
CUST0011,Home,Books
CUST0011,Home,Books
CUST0011,Home,Books
CUST0011,Home,Books
CUST0011,Home,Books
CUST0011,Home,Books
CUST0011,Home,Books
CUST0011,Home,Books
CUST0011,Home,Books
CUST0011,Home,Books
CUST0011,Home,Books
CUST0011,Home,Books
CUST0011,Home,Books
CUST0011,Home,Books
CUST0011,Home,Books
CUST0013,Electronics,Home
CUST0013,Electronics,Home
CUST0016,Books,Books
CUST0017,Home,Electronics
CUST0017,Home,Electronics
CUST0017,Home,Electronics
CUST0017,Home,Electronics
CUST0017,Home,Electronics
CUST0017,Home,Electronics
CUST0017,Home,Electronics
CUST0017,Home,Electronics
CUST0017,Home,Electronics
CUST0017,Home,Electronics
CUST0017,Home,Electronics
CUST0019,Electronics,Home
CUST0019,Electronics,Home
CUST0019,Electronics,Home
CUST0019,Electronics,Home
CUST0019,Electronics,Home
CUST0019,Electronics,Home
CUST0019,Electronics,Home
CUST0019,Electronics,Home
CUST0019,Electronics,Home
CUST0020,Books,Electronics
CUST0020,Books,Electronics
CUST0020,Books,Electronics
CUST0021,Books,Electronics
CUST0021,Books,Electronics
CUST0021,Books,Electronics
CUST0021,Books,Electronics
CUST0021,Books,Electronics
CUST0022,Books,Home
CUST0022,Books,Home
CUST0022,Books,Home
CUST0023,Books,Clothing
CUST0023,Books,Clothing
CUST0023,Books,Clothing
CUST0023,Books,Clothing
CUST0023,Books,Clothing
CUST0023,Books,Clothing
CUST0023,Books,Clothing
CUST0023,Books,Clothing
CUST0023,Books,Clothing
CUST0023,Books,Clothing
CUST0023,Books,Clothing
CUST0024,Clothing,Home
CUST0024,Clothing,Home
CUST0024,Clothing,Home
CUST0024,Clothing,Home
CUST0024,Clothing,Home
CUST0024,Clothing,Home
CUST0024,Clothing,Home
CUST0024,Clothing,Home
CUST0024,Clothing,Home
CUST0024,Clothing,Home
CUST0024,Clothing,Home
CUST0025,Home,Books
CUST0025,Home,Books
CUST0025,Home,Books
CUST0025,Home,Books
CUST0025,Home,Books
CUST0027,Home,Clothing
CUST0027,Home,Clothing
CUST0027,Home,Clothing
CUST0027,Home,Clothing
CUST0027,Home,Clothing
CUST0027,Home,Clothing
CUST0027,Home,Clothing
CUST0028,Electronics,Clothing
CUST0028,Electronics,Clothing
CUST0028,Electronics,Clothing
CUST0028,Electronics,Clothing
CUST0029,Books,Home
CUST0029,Books,Home
CUST0029,Books,Home
CUST0029,Books,Home
CUST0029,Books,Home
CUST0030,Books,Electronics
CUST0030,Books,Electronics
CUST0030,Books,Electronics
CUST0030,Books,Electronics
CUST0030,Books,Electronics
CUST0030,Books,Electronics
CUST0031,Books,Books
CUST0031,Books,Books
CUST0031,Books,Books
CUST0031,Books,Books
CUST0031,Books,Books
CUST0031,Books,Books
CUST0031,Books,Books
CUST0031,Books,Books
CUST0031,Books,Books
CUST0031,Books,Books
CUST0031,Books,Books
CUST0031,Books,Books
CUST0031,Books,Books
CUST0031,Books,Books
CUST0032,Home,Clothing
CUST0032,Home,Clothing
CUST0032,Home,Clothing
CUST0032,Home,Clothing
CUST0032,Home,Clothing
CUST0032,Home,Clothing
CUST0032,Home,Clothing
CUST0032,Home,Clothing
CUST0032,Home,Clothing
CUST0032,Home,Clothing
CUST0032,Home,Clothing
CUST0032,Home,Clothing
CUST0032,Home,Clothing
CUST0033,Home,Books
CUST0033,Home,Books
CUST0033,Home,Books
CUST0033,Home,Books
CUST0033,Home,Books
CUST0033,Home,Books
CUST0034,Electronics,Electronics
CUST0034,Electronics,Electronics
CUST0034,Electronics,Electronics
CUST0034,Electronics,Electronics
CUST0034,Electronics,Electronics
CUST0034,Electronics,Electronics
CUST0034,Electronics,Electronics
CUST0034,Electronics,Electronics
CUST0034,Electronics,Electronics
CUST0034,Electronics,Electronics
CUST0035,Clothing,Clothing
CUST0035,Clothing,Clothing
CUST0035,Clothing,Clothing
CUST0036,Clothing,Books
CUST0036,Clothing,Books
CUST0036,Clothing,Books
CUST0036,Clothing,Books
CUST0036,Clothing,Books
CUST0036,Clothing,Books
CUST0036,Clothing,Books
CUST0036,Clothing,Books
CUST0036,Clothing,Books
CUST0036,Clothing,Books
CUST0036,Clothing,Books
CUST0037,Home,Books
CUST0037,Home,Books
CUST0037,Home,Books
CUST0037,Home,Books
CUST0037,Home,Books
CUST0037,Home,Books
CUST0037,Home,Books
CUST0037,Home,Books
CUST0037,Home,Books
CUST0037,Home,Books
CUST0038,Home,Clothing
CUST0038,Home,Clothing
CUST0038,Home,Clothing
CUST0039,Home,Clothing
CUST0039,Home,Clothing
CUST0039,Home,Clothing
CUST0039,Home,Clothing
CUST0039,Home,Clothing
CUST0040,Clothing,Electronics
CUST0040,Clothing,Electronics
CUST0040,Clothing,Electronics
CUST0040,Clothing,Electronics
CUST0040,Clothing,Electronics
CUST0041,Books,Clothing
CUST0041,Books,Clothing
CUST0041,Books,Clothing
CUST0041,Books,Clothing
CUST0041,Books,Clothing
CUST0041,Books,Clothing
CUST0041,Books,Clothing
CUST0041,Books,Clothing
CUST0041,Books,Clothing
CUST0041,Books,Clothing
CUST0041,Books,Clothing
CUST0041,Books,Clothing
CUST0041,Books,Clothing
CUST0042,Electronics,Electronics
CUST0042,Electronics,Electronics
CUST0042,Electronics,Electronics
CUST0042,Electronics,Electronics
CUST0042,Electronics,Electronics
CUST0042,Electronics,Electronics
CUST0042,Electronics,Electronics
CUST0042,Electronics,Electronics
CUST0042,Electronics,Electronics
CUST0042,Electronics,Electronics
CUST0043,Home,Home
CUST0043,Home,Home
CUST0043,Home,Home
CUST0043,Home,Home
CUST0043,Home,Home
CUST0043,Home,Home
CUST0043,Home,Home
CUST0043,Home,Home
CUST0043,Home,Home
CUST0043,Home,Home
CUST0043,Home,Home
CUST0043,Home,Home
CUST0043,Home,Home
CUST0044,Books,Electronics
CUST0044,Books,Electronics
CUST0044,Books,Electronics
CUST0045,Home,Clothing
CUST0045,Home,Clothing
CUST0045,Home,Clothing
CUST0045,Home,Clothing
CUST0045,Home,Clothing
CUST0045,Home,Clothing
CUST0045,Home,Clothing
CUST0045,Home,Clothing
CUST0045,Home,Clothing
CUST0047,Clothing,Home
CUST0047,Clothing,Home
CUST0047,Clothing,Home
CUST0047,Clothing,Home
CUST0047,Clothing,Home
CUST0047,Clothing,Home
CUST0049,Books,Books
CUST0049,Books,Books
CUST0049,Books,Books
CUST0049,Books,Books
CUST0050,Books,Home
CUST0050,Books,Home
CUST0050,Books,Home
CUST0050,Books,Home
CUST0050,Books,Home
CUST0050,Books,Home
CUST0050,Books,Home
CUST0050,Books,Home
CUST0051,Electronics,Electronics
CUST0051,Electronics,Electronics
CUST0051,Electronics,Electronics
CUST0051,Electronics,Electronics
CUST0051,Electronics,Electronics
CUST0051,Electronics,Electronics
CUST0051,Electronics,Electronics
CUST0052,Home,Home
CUST0053,Electronics,Electronics
CUST0053,Electronics,Electronics
CUST0054,Clothing,Clothing
CUST0055,Electronics,Books
CUST0055,Electronics,Books
CUST0055,Electronics,Books
CUST0056,Home,Electronics
CUST0056,Home,Electronics
CUST0056,Home,Electronics
CUST0056,Home,Electronics
CUST0056,Home,Electronics
CUST0056,Home,Electronics
CUST0056,Home,Electronics
CUST0056,Home,Electronics
CUST0056,Home,Electronics
CUST0057,Electronics,Books
CUST0057,Electronics,Books
CUST0057,Electronics,Books
CUST0057,Electronics,Books
CUST0057,Electronics,Books
CUST0057,Electronics,Books
CUST0058,Books,Books
CUST0058,Books,Books
CUST0058,Books,Books
CUST0058,Books,Books
CUST0058,Books,Books
CUST0059,Home,Books
CUST0059,Home,Books
CUST0059,Home,Books
CUST0059,Home,Books
CUST0059,Home,Books
CUST0059,Home,Books
CUST0059,Home,Books
CUST0059,Home,Books
CUST0059,Home,Books
CUST0059,Home,Books
CUST0059,Home,Books
CUST0059,Home,Books
CUST0059,Home,Books
CUST0060,Electronics,Home
CUST0060,Electronics,Home
CUST0060,Electronics,Home
CUST0060,Electronics,Home
CUST0060,Electronics,Home
CUST0060,Electronics,Home
CUST0060,Electronics,Home
CUST0060,Electronics,Home
CUST0061,Clothing,Books
CUST0061,Clothing,Books
CUST0061,Clothing,Books
CUST0061,Clothing,Books
CUST0061,Clothing,Books
CUST0061,Clothing,Books
CUST0061,Clothing,Books
CUST0061,Clothing,Books
CUST0061,Clothing,Books
CUST0061,Clothing,Books
CUST0061,Clothing,Books
CUST0062,Home,Clothing
CUST0062,Home,Clothing
CUST0062,Home,Clothing
CUST0062,Home,Clothing
CUST0062,Home,Clothing
CUST0062,Home,Clothing
CUST0063,Books,Clothing
CUST0063,Books,Clothing
CUST0063,Books,Clothing
CUST0063,Books,Clothing
CUST0063,Books,Clothing
CUST0064,Home,Electronics
CUST0064,Home,Electronics
CUST0064,Home,Electronics
CUST0064,Home,Electronics
CUST0064,Home,Electronics
CUST0064,Home,Electronics
CUST0066,Home,Clothing
CUST0066,Home,Clothing
CUST0068,Home,Electronics
CUST0068,Home,Electronics
CUST0069,Electronics,Clothing
CUST0069,Electronics,Clothing
CUST0069,Electronics,Clothing
CUST0069,Electronics,Clothing
CUST0069,Electronics,Clothing
CUST0070,Electronics,Home
CUST0070,Electronics,Home
CUST0070,Electronics,Home
CUST0070,Electronics,Home
CUST0070,Electronics,Home
CUST0070,Electronics,Home
CUST0070,Electronics,Home
CUST0071,Clothing,Books
CUST0071,Clothing,Books
CUST0071,Clothing,Books
CUST0071,Clothing,Books
CUST0072,Electronics,Electronics
CUST0072,Electronics,Electronics
CUST0073,Clothing,Home
CUST0073,Clothing,Home
CUST0073,Clothing,Home
CUST0073,Clothing,Home
CUST0073,Clothing,Home
CUST0073,Clothing,Home
CUST0073,Clothing,Home
CUST0074,Clothing,Books
CUST0074,Clothing,Books
CUST0074,Clothing,Books
CUST0074,Clothing,Books
CUST0074,Clothing,Books
CUST0075,Books,Clothing
CUST0075,Books,Clothing
CUST0075,Books,Clothing
CUST0076,Electronics,Clothing
CUST0076,Electronics,Clothing
CUST0076,Electronics,Clothing
CUST0076,Electronics,Clothing
CUST0076,Electronics,Clothing
CUST0077,Clothing,Clothing
CUST0077,Clothing,Clothing
CUST0077,Clothing,Clothing
CUST0078,Clothing,Electronics
CUST0078,Clothing,Electronics
CUST0078,Clothing,Electronics
CUST0078,Clothing,Electronics
CUST0078,Clothing,Electronics
CUST0078,Clothing,Electronics
CUST0079,Home,Home
CUST0079,Home,Home
CUST0079,Home,Home
CUST0079,Home,Home
CUST0079,Home,Home
CUST0079,Home,Home
CUST0079,Home,Home
CUST0079,Home,Home
CUST0079,Home,Home
CUST0079,Home,Home
CUST0079,Home,Home
CUST0079,Home,Home
CUST0079,Home,Home
CUST0079,Home,Home
CUST0080,Clothing,Books
CUST0080,Clothing,Books
CUST0080,Clothing,Books
CUST0080,Clothing,Books
CUST0080,Clothing,Books
CUST0080,Clothing,Books
CUST0080,Clothing,Books
CUST0080,Clothing,Books
CUST0081,Clothing,Clothing
CUST0082,Electronics,Books
CUST0082,Electronics,Books
CUST0082,Electronics,Books
CUST0083,Books,Clothing
CUST0083,Books,Clothing
CUST0083,Books,Clothing
CUST0083,Books,Clothing
CUST0083,Books,Clothing
CUST0085,Home,Books
CUST0085,Home,Books
CUST0086,Electronics,Clothing
CUST0086,Electronics,Clothing
CUST0086,Electronics,Clothing
CUST0086,Electronics,Clothing
CUST0086,Electronics,Clothing
CUST0086,Electronics,Clothing
CUST0086,Electronics,Clothing
CUST0086,Electronics,Clothing
CUST0086,Electronics,Clothing
CUST0086,Electronics,Clothing
CUST0086,Electronics,Clothing
CUST0087,Clothing,Clothing
CUST0088,Electronics,Clothing
CUST0088,Electronics,Clothing
CUST0088,Electronics,Clothing
CUST0088,Electronics,Clothing
CUST0088,Electronics,Clothing
CUST0088,Electronics,Clothing
CUST0089,Electronics,Electronics
CUST0089,Electronics,Electronics
CUST0089,Electronics,Electronics
CUST0090,Clothing,Clothing
CUST0090,Clothing,Clothing
CUST0090,Clothing,Clothing
CUST0090,Clothing,Clothing
CUST0090,Clothing,Clothing
CUST0090,Clothing,Clothing
CUST0090,Clothing,Clothing
CUST0090,Clothing,Clothing
CUST0090,Clothing,Clothing
CUST0091,Clothing,Books
CUST0091,Clothing,Books
CUST0091,Clothing,Books
CUST0093,Home,Books
CUST0093,Home,Books
CUST0093,Home,Books
CUST0093,Home,Books
CUST0093,Home,Books
CUST0093,Home,Books
CUST0093,Home,Books
CUST0093,Home,Books
CUST0093,Home,Books
CUST0094,Home,Electronics
CUST0094,Home,Electronics
CUST0095,Home,Home
CUST0096,Home,Electronics
CUST0096,Home,Electronics
CUST0096,Home,Electronics
CUST0096,Home,Electronics
CUST0096,Home,Electronics
CUST0096,Home,Electronics
CUST0096,Home,Electronics
CUST0096,Home,Electronics
CUST0096,Home,Electronics
CUST0096,Home,Electronics
CUST0096,Home,Electronics
CUST0096,Home,Electronics
CUST0096,Home,Electronics
CUST0098,Electronics,Electronics
CUST0099,Electronics,Clothing
CUST0099,Electronics,Clothing
CUST0099,Electronics,Clothing
CUST0099,Electronics,Clothing
CUST0099,Electronics,Clothing
CUST0099,Electronics,Clothing
CUST0099,Electronics,Clothing
CUST0099,Electronics,Clothing
CUST0099,Electronics,Clothing
CUST0099,Electronics,Clothing
CUST0101,Books,Home
CUST0101,Books,Home
CUST0101,Books,Home
CUST0101,Books,Home
CUST0101,Books,Home
CUST0101,Books,Home
CUST0101,Books,Home
CUST0101,Books,Home
CUST0101,Books,Home
CUST0101,Books,Home
CUST0101,Books,Home
CUST0101,Books,Home
CUST0101,Books,Home
CUST0101,Books,Home
CUST0101,Books,Home
CUST0101,Books,Home
CUST0102,Clothing,Clothing
CUST0102,Clothing,Clothing
CUST0102,Clothing,Clothing
CUST0102,Clothing,Clothing
CUST0102,Clothing,Clothing
CUST0102,Clothing,Clothing
CUST0102,Clothing,Clothing
CUST0102,Clothing,Clothing
CUST0102,Clothing,Clothing
CUST0102,Clothing,Clothing
CUST0102,Clothing,Clothing
CUST0103,Home,Books
CUST0103,Home,Books
CUST0103,Home,Books
CUST0103,Home,Books
CUST0103,Home,Books
CUST0103,Home,Books
CUST0103,Home,Books
CUST0103,Home,Books
CUST0104,Home,Home
CUST0104,Home,Home
CUST0104,Home,Home
CUST0104,Home,Home
CUST0104,Home,Home
CUST0104,Home,Home
CUST0104,Home,Home
CUST0104,Home,Home
CUST0104,Home,Home
CUST0104,Home,Home
CUST0104,Home,Home
CUST0104,Home,Home
CUST0104,Home,Home
CUST0104,Home,Home
CUST0104,Home,Home
CUST0105,Books,Electronics
CUST0105,Books,Electronics
CUST0105,Books,Electronics
CUST0105,Books,Electronics
CUST0105,Books,Electronics
CUST0105,Books,Electronics
CUST0106,Home,Home
CUST0106,Home,Home
CUST0106,Home,Home
CUST0106,Home,Home
CUST0106,Home,Home
CUST0106,Home,Home
CUST0108,Clothing,Electronics
CUST0108,Clothing,Electronics
CUST0108,Clothing,Electronics
CUST0109,Home,Clothing
CUST0109,Home,Clothing
CUST0109,Home,Clothing
CUST0109,Home,Clothing
CUST0109,Home,Clothing
CUST0109,Home,Clothing
CUST0109,Home,Clothing
CUST0109,Home,Clothing
CUST0110,Books,Clothing
CUST0110,Books,Clothing
CUST0110,Books,Clothing
CUST0110,Books,Clothing
CUST0110,Books,Clothing
CUST0110,Books,Clothing
CUST0110,Books,Clothing
CUST0111,Books,Clothing
CUST0111,Books,Clothing
CUST0111,Books,Clothing
CUST0114,Home,Electronics
CUST0114,Home,Electronics
CUST0114,Home,Electronics
CUST0114,Home,Electronics
CUST0114,Home,Electronics
CUST0114,Home,Electronics
CUST0114,Home,Electronics
CUST0114,Home,Electronics
CUST0114,Home,Electronics
CUST0114,Home,Electronics
CUST0114,Home,Electronics
CUST0115,Home,Electronics
CUST0115,Home,Electronics
CUST0115,Home,Electronics
CUST0115,Home,Electronics
CUST0115,Home,Electronics
CUST0116,Electronics,Clothing
CUST0116,Electronics,Clothing
CUST0116,Electronics,Clothing
CUST0116,Electronics,Clothing
CUST0116,Electronics,Clothing
CUST0116,Electronics,Clothing
CUST0116,Electronics,Clothing
CUST0116,Electronics,Clothing
CUST0116,Electronics,Clothing
CUST0117,Home,Clothing
CUST0117,Home,Clothing
CUST0117,Home,Clothing
CUST0117,Home,Clothing
CUST0117,Home,Clothing
CUST0117,Home,Clothing
CUST0117,Home,Clothing
CUST0117,Home,Clothing
CUST0118,Home,Books
CUST0118,Home,Books
CUST0118,Home,Books
CUST0118,Home,Books
CUST0118,Home,Books
CUST0118,Home,Books
CUST0118,Home,Books
CUST0118,Home,Books
CUST0118,Home,Books
CUST0118,Home,Books
CUST0118,Home,Books
CUST0118,Home,Books
CUST0118,Home,Books
CUST0118,Home,Books
CUST0119,Home,Home
CUST0119,Home,Home
CUST0119,Home,Home
CUST0119,Home,Home
CUST0119,Home,Home
CUST0119,Home,Home
CUST0119,Home,Home
CUST0119,Home,Home
CUST0119,Home,Home
CUST0119,Home,Home
CUST0119,Home,Home
CUST0119,Home,Home
CUST0119,Home,Home
CUST0119,Home,Home
CUST0119,Home,Home
CUST0119,Home,Home
CUST0119,Home,Home
CUST0119,Home,Home
CUST0119,Home,Home
CUST0119,Home,Home
CUST0122,Electronics,Books
CUST0122,Electronics,Books
CUST0122,Electronics,Books
CUST0122,Electronics,Books
CUST0122,Electronics,Books
CUST0122,Electronics,Books
CUST0122,Electronics,Books
CUST0122,Electronics,Books
CUST0122,Electronics,Books
CUST0122,Electronics,Books
CUST0122,Electronics,Books
CUST0122,Electronics,Books
CUST0124,Books,Books
CUST0124,Books,Books
CUST0124,Books,Books
CUST0124,Books,Books
CUST0126,Electronics,Electronics
CUST0126,Electronics,Electronics
CUST0126,Electronics,Electronics
CUST0126,Electronics,Electronics
CUST0126,Electronics,Electronics
CUST0126,Electronics,Electronics
CUST0126,Electronics,Electronics
CUST0126,Electronics,Electronics
CUST0126,Electronics,Electronics
CUST0126,Electronics,Electronics
CUST0126,Electronics,Electronics
CUST0126,Electronics,Electronics
CUST0126,Electronics,Electronics
CUST0127,Electronics,Home
CUST0127,Electronics,Home
CUST0127,Electronics,Home
CUST0128,Clothing,Home
CUST0128,Clothing,Home
CUST0128,Clothing,Home
CUST0128,Clothing,Home
CUST0128,Clothing,Home
CUST0130,Clothing,Books
CUST0130,Clothing,Books
CUST0130,Clothing,Books
CUST0132,Electronics,Electronics
CUST0133,Clothing,Electronics
CUST0133,Clothing,Electronics
CUST0133,Clothing,Electronics
CUST0133,Clothing,Electronics
CUST0133,Clothing,Electronics
CUST0133,Clothing,Electronics
CUST0133,Clothing,Electronics
CUST0133,Clothing,Electronics
CUST0133,Clothing,Electronics
CUST0133,Clothing,Electronics
CUST0134,Home,Clothing
CUST0134,Home,Clothing
CUST0134,Home,Clothing
CUST0135,Clothing,Clothing
CUST0135,Clothing,Clothing
CUST0136,Electronics,Clothing
CUST0136,Electronics,Clothing
CUST0136,Electronics,Clothing
CUST0136,Electronics,Clothing
CUST0136,Electronics,Clothing
CUST0136,Electronics,Clothing
CUST0136,Electronics,Clothing
CUST0137,Books,Books
CUST0137,Books,Books
CUST0137,Books,Books
CUST0137,Books,Books
CUST0137,Books,Books
CUST0137,Books,Books
CUST0138,Home,Books
CUST0138,Home,Books
CUST0138,Home,Books
CUST0139,Books,Books
CUST0139,Books,Books
CUST0140,Electronics,Clothing
CUST0140,Electronics,Clothing
CUST0140,Electronics,Clothing
CUST0140,Electronics,Clothing
CUST0140,Electronics,Clothing
CUST0140,Electronics,Clothing
CUST0140,Electronics,Clothing
CUST0142,Books,Clothing
CUST0142,Books,Clothing
CUST0142,Books,Clothing
CUST0142,Books,Clothing
CUST0142,Books,Clothing
CUST0142,Books,Clothing
CUST0142,Books,Clothing
CUST0142,Books,Clothing
CUST0143,Books,Home
CUST0143,Books,Home
CUST0143,Books,Home
CUST0143,Books,Home
CUST0143,Books,Home
CUST0143,Books,Home
CUST0143,Books,Home
CUST0143,Books,Home
CUST0143,Books,Home
CUST0143,Books,Home
CUST0143,Books,Home
CUST0143,Books,Home
CUST0143,Books,Home
CUST0143,Books,Home
CUST0143,Books,Home
CUST0143,Books,Home
CUST0143,Books,Home
CUST0143,Books,Home
CUST0143,Books,Home
CUST0143,Books,Home
CUST0144,Electronics,Clothing
CUST0144,Electronics,Clothing
CUST0144,Electronics,Clothing
CUST0144,Electronics,Clothing
CUST0144,Electronics,Clothing
CUST0144,Electronics,Clothing
CUST0144,Electronics,Clothing
CUST0144,Electronics,Clothing
CUST0144,Electronics,Clothing
CUST0145,Electronics,Books
CUST0145,Electronics,Books
CUST0146,Home,Home
CUST0146,Home,Home
CUST0146,Home,Home
CUST0146,Home,Home
CUST0147,Clothing,Electronics
CUST0147,Clothing,Electronics
CUST0147,Clothing,Electronics
CUST0147,Clothing,Electronics
CUST0147,Clothing,Electronics
CUST0147,Clothing,Electronics
CUST0148,Books,Clothing
CUST0148,Books,Clothing
CUST0148,Books,Clothing
CUST0148,Books,Clothing
CUST0148,Books,Clothing
CUST0149,Electronics,Clothing
CUST0149,Electronics,Clothing
CUST0149,Electronics,Clothing
CUST0149,Electronics,Clothing
CUST0149,Electronics,Clothing
CUST0149,Electronics,Clothing
CUST0149,Electronics,Clothing
CUST0149,Electronics,Clothing
CUST0150,Electronics,Home
CUST0150,Electronics,Home
CUST0151,Home,Electronics
CUST0151,Home,Electronics
CUST0151,Home,Electronics
CUST0151,Home,Electronics
CUST0151,Home,Electronics
CUST0151,Home,Electronics
CUST0151,Home,Electronics
CUST0151,Home,Electronics
CUST0151,Home,Electronics
CUST0151,Home,Electronics
CUST0151,Home,Electronics
CUST0151,Home,Electronics
CUST0151,Home,Electronics
CUST0151,Home,Electronics
CUST0153,Home,Electronics
CUST0153,Home,Electronics
CUST0153,Home,Electronics
CUST0153,Home,Electronics
CUST0153,Home,Electronics
CUST0154,Electronics,Home
CUST0154,Electronics,Home
CUST0154,Electronics,Home
CUST0154,Electronics,Home
CUST0154,Electronics,Home
CUST0154,Electronics,Home
CUST0154,Electronics,Home
CUST0154,Electronics,Home
CUST0154,Electronics,Home
CUST0155,Books,Home
CUST0155,Books,Home
CUST0155,Books,Home
CUST0155,Books,Home
CUST0156,Electronics,Electronics
CUST0156,Electronics,Electronics
CUST0156,Electronics,Electronics
CUST0156,Electronics,Electronics
CUST0156,Electronics,Electronics
CUST0156,Electronics,Electronics
CUST0157,Clothing,Electronics
CUST0157,Clothing,Electronics
CUST0157,Clothing,Electronics
CUST0157,Clothing,Electronics
CUST0157,Clothing,Electronics
CUST0157,Clothing,Electronics
CUST0158,Clothing,Clothing
CUST0159,Books,Electronics
CUST0159,Books,Electronics
CUST0159,Books,Electronics
CUST0159,Books,Electronics
CUST0160,Books,Electronics
CUST0160,Books,Electronics
CUST0160,Books,Electronics
CUST0160,Books,Electronics
CUST0161,Books,Home
CUST0161,Books,Home
CUST0161,Books,Home
CUST0161,Books,Home
CUST0161,Books,Home
CUST0161,Books,Home
CUST0161,Books,Home
CUST0161,Books,Home
CUST0161,Books,Home
CUST0161,Books,Home
CUST0161,Books,Home
CUST0161,Books,Home
CUST0161,Books,Home
CUST0161,Books,Home
CUST0161,Books,Home
CUST0161,Books,Home
CUST0161,Books,Home
CUST0161,Books,Home
CUST0161,Books,Home
CUST0161,Books,Home
CUST0161,Books,Home
CUST0161,Books,Home
CUST0163,Electronics,Clothing
CUST0163,Electronics,Clothing
CUST0163,Electronics,Clothing
CUST0163,Electronics,Clothing
CUST0163,Electronics,Clothing
CUST0163,Electronics,Clothing
CUST0163,Electronics,Clothing
CUST0163,Electronics,Clothing
CUST0163,Electronics,Clothing
CUST0163,Electronics,Clothing
CUST0163,Electronics,Clothing
CUST0165,Electronics,Home
CUST0165,Electronics,Home
CUST0165,Electronics,Home
CUST0165,Electronics,Home
CUST0165,Electronics,Home
CUST0165,Electronics,Home
CUST0165,Electronics,Home
CUST0165,Electronics,Home
CUST0165,Electronics,Home
CUST0167,Home,Home
CUST0167,Home,Home
CUST0167,Home,Home
CUST0167,Home,Home
CUST0168,Electronics,Home
CUST0168,Electronics,Home
CUST0168,Electronics,Home
CUST0168,Electronics,Home
CUST0168,Electronics,Home
CUST0168,Electronics,Home
CUST0168,Electronics,Home
CUST0168,Electronics,Home
CUST0168,Electronics,Home
CUST0168,Electronics,Home
CUST0168,Electronics,Home
CUST0168,Electronics,Home
CUST0169,Electronics,Books
CUST0169,Electronics,Books
CUST0169,Electronics,Books
CUST0169,Electronics,Books
CUST0169,Electronics,Books
CUST0169,Electronics,Books
CUST0169,Electronics,Books
CUST0169,Electronics,Books
CUST0169,Electronics,Books
CUST0169,Electronics,Books
CUST0169,Electronics,Books
CUST0170,Electronics,Books
CUST0170,Electronics,Books
CUST0170,Electronics,Books
CUST0170,Electronics,Books
CUST0170,Electronics,Books
CUST0172,Books,Books
CUST0172,Books,Books
CUST0172,Books,Books
CUST0172,Books,Books
CUST0172,Books,Books
CUST0172,Books,Books
CUST0172,Books,Books
CUST0172,Books,Books
CUST0174,Home,Electronics
CUST0174,Home,Electronics
CUST0174,Home,Electronics
CUST0174,Home,Electronics
CUST0174,Home,Electronics
CUST0174,Home,Electronics
CUST0174,Home,Electronics
CUST0174,Home,Electronics
CUST0174,Home,Electronics
CUST0175,Home,Clothing
CUST0175,Home,Clothing
CUST0175,Home,Clothing
CUST0175,Home,Clothing
CUST0175,Home,Clothing
CUST0177,Electronics,Electronics
CUST0177,Electronics,Electronics
CUST0177,Electronics,Electronics
CUST0177,Electronics,Electronics
CUST0177,Electronics,Electronics
CUST0177,Electronics,Electronics
CUST0178,Books,Clothing
CUST0178,Books,Clothing
CUST0178,Books,Clothing
CUST0178,Books,Clothing
CUST0178,Books,Clothing
CUST0178,Books,Clothing
CUST0178,Books,Clothing
CUST0178,Books,Clothing
CUST0178,Books,Clothing
CUST0178,Books,Clothing
CUST0178,Books,Clothing
CUST0178,Books,Clothing
CUST0179,Books,Electronics
CUST0179,Books,Electronics
CUST0179,Books,Electronics
CUST0179,Books,Electronics
CUST0179,Books,Electronics
CUST0179,Books,Electronics
CUST0179,Books,Electronics
CUST0180,Books,Electronics
CUST0180,Books,Electronics
CUST0180,Books,Electronics
CUST0181,Electronics,Electronics
CUST0181,Electronics,Electronics
CUST0181,Electronics,Electronics
CUST0181,Electronics,Electronics
CUST0181,Electronics,Electronics
CUST0181,Electronics,Electronics
CUST0181,Electronics,Electronics
CUST0181,Electronics,Electronics
CUST0182,Home,Electronics
CUST0182,Home,Electronics
CUST0182,Home,Electronics
CUST0182,Home,Electronics
CUST0184,Home,Electronics
CUST0184,Home,Electronics
CUST0184,Home,Electronics
CUST0185,Clothing,Electronics
CUST0185,Clothing,Electronics
CUST0185,Clothing,Electronics
CUST0185,Clothing,Electronics
CUST0185,Clothing,Electronics
CUST0185,Clothing,Electronics
CUST0185,Clothing,Electronics
CUST0185,Clothing,Electronics
CUST0185,Clothing,Electronics
CUST0185,Clothing,Electronics
CUST0185,Clothing,Electronics
CUST0185,Clothing,Electronics
CUST0185,Clothing,Electronics
CUST0186,Clothing,Clothing
CUST0186,Clothing,Clothing
CUST0186,Clothing,Clothing
CUST0186,Clothing,Clothing
CUST0186,Clothing,Clothing
CUST0186,Clothing,Clothing
CUST0186,Clothing,Clothing
CUST0186,Clothing,Clothing
CUST0187,Books,Books
CUST0187,Books,Books
CUST0187,Books,Books
CUST0187,Books,Books
CUST0187,Books,Books
CUST0187,Books,Books
CUST0187,Books,Books
CUST0187,Books,Books
CUST0188,Books,Home
CUST0188,Books,Home
CUST0189,Home,Home
CUST0190,Electronics,Books
CUST0190,Electronics,Books
CUST0190,Electronics,Books
CUST0190,Electronics,Books
CUST0191,Electronics,Clothing
CUST0191,Electronics,Clothing
CUST0191,Electronics,Clothing
CUST0192,Electronics,Clothing
CUST0192,Electronics,Clothing
CUST0192,Electronics,Clothing
CUST0192,Electronics,Clothing
CUST0193,Electronics,Clothing
CUST0193,Electronics,Clothing
CUST0193,Electronics,Clothing
CUST0193,Electronics,Clothing
CUST0193,Electronics,Clothing
CUST0193,Electronics,Clothing
CUST0193,Electronics,Clothing
CUST0193,Electronics,Clothing
CUST0193,Electronics,Clothing
CUST0193,Electronics,Clothing
CUST0194,Electronics,Clothing
CUST0194,Electronics,Clothing
CUST0194,Electronics,Clothing
CUST0194,Electronics,Clothing
CUST0194,Electronics,Clothing
CUST0196,Home,Electronics
CUST0196,Home,Electronics
CUST0196,Home,Electronics
CUST0196,Home,Electronics
CUST0196,Home,Electronics
CUST0196,Home,Electronics
CUST0196,Home,Electronics
CUST0196,Home,Electronics
CUST0196,Home,Electronics
CUST0196,Home,Electronics
CUST0197,Books,Electronics
CUST0197,Books,Electronics
CUST0197,Books,Electronics
CUST0198,Books,Electronics
CUST0198,Books,Electronics
CUST0198,Books,Electronics
CUST0199,Electronics,Books
CUST0199,Electronics,Books
CUST0199,Electronics,Books
CUST0199,Electronics,Books
CUST0199,Electronics,Books
CUST0199,Electronics,Books
CUST0199,Electronics,Books
CUST0199,Electronics,Books
CUST0199,Electronics,Books
CUST0200,Home,Clothing
CUST0200,Home,Clothing
CUST0200,Home,Clothing
CUST0201,Books,Clothing
CUST0201,Books,Clothing
CUST0201,Books,Clothing
CUST0201,Books,Clothing
CUST0201,Books,Clothing
CUST0201,Books,Clothing
CUST0201,Books,Clothing
CUST0201,Books,Clothing
CUST0201,Books,Clothing
CUST0203,Electronics,Home
CUST0203,Electronics,Home
CUST0204,Electronics,Electronics
CUST0204,Electronics,Electronics
CUST0204,Electronics,Electronics
CUST0204,Electronics,Electronics
CUST0205,Books,Electronics
CUST0205,Books,Electronics
CUST0205,Books,Electronics
CUST0205,Books,Electronics
CUST0205,Books,Electronics
CUST0205,Books,Electronics
CUST0205,Books,Electronics
CUST0205,Books,Electronics
CUST0206,Electronics,Electronics
CUST0206,Electronics,Electronics
CUST0206,Electronics,Electronics
CUST0206,Electronics,Electronics
CUST0207,Clothing,Home
CUST0207,Clothing,Home
CUST0208,Home,Home
CUST0208,Home,Home
CUST0208,Home,Home
CUST0208,Home,Home
CUST0208,Home,Home
CUST0208,Home,Home
CUST0208,Home,Home
CUST0208,Home,Home
CUST0208,Home,Home
CUST0208,Home,Home
CUST0209,Electronics,Electronics
CUST0209,Electronics,Electronics
CUST0209,Electronics,Electronics
CUST0209,Electronics,Electronics
CUST0209,Electronics,Electronics
CUST0209,Electronics,Electronics
CUST0209,Electronics,Electronics
CUST0209,Electronics,Electronics
CUST0210,Electronics,Books
CUST0210,Electronics,Books
CUST0210,Electronics,Books
CUST0210,Electronics,Books
CUST0210,Electronics,Books
CUST0210,Electronics,Books
CUST0212,Books,Books
CUST0213,Electronics,Books
CUST0213,Electronics,Books
CUST0215,Books,Electronics
CUST0215,Books,Electronics
CUST0215,Books,Electronics
CUST0215,Books,Electronics
CUST0216,Home,Home
CUST0216,Home,Home
CUST0216,Home,Home
CUST0216,Home,Home
CUST0216,Home,Home
CUST0216,Home,Home
CUST0216,Home,Home
CUST0216,Home,Home
CUST0217,Electronics,Clothing
CUST0217,Electronics,Clothing
CUST0217,Electronics,Clothing
CUST0217,Electronics,Clothing
CUST0217,Electronics,Clothing
CUST0217,Electronics,Clothing
CUST0217,Electronics,Clothing
CUST0217,Electronics,Clothing
CUST0217,Electronics,Clothing
CUST0218,Books,Home
CUST0218,Books,Home
CUST0219,Home,Clothing
CUST0219,Home,Clothing
CUST0219,Home,Clothing
CUST0219,Home,Clothing
CUST0219,Home,Clothing
CUST0219,Home,Clothing
CUST0219,Home,Clothing
CUST0219,Home,Clothing
CUST0219,Home,Clothing
CUST0219,Home,Clothing
CUST0219,Home,Clothing
CUST0219,Home,Clothing
CUST0219,Home,Clothing
CUST0220,Home,Books
CUST0220,Home,Books
CUST0220,Home,Books
CUST0220,Home,Books
CUST0220,Home,Books
CUST0220,Home,Books
CUST0221,Home,Home
CUST0221,Home,Home
CUST0221,Home,Home
CUST0221,Home,Home
CUST0222,Home,Home
CUST0222,Home,Home
CUST0222,Home,Home
CUST0222,Home,Home
CUST0222,Home,Home
CUST0222,Home,Home
CUST0222,Home,Home
CUST0223,Clothing,Home
CUST0223,Clothing,Home
CUST0223,Clothing,Home
CUST0223,Clothing,Home
CUST0223,Clothing,Home
CUST0223,Clothing,Home
CUST0223,Clothing,Home
CUST0224,Books,Books
CUST0224,Books,Books
CUST0224,Books,Books
CUST0224,Books,Books
CUST0224,Books,Books
CUST0224,Books,Books
CUST0224,Books,Books
CUST0224,Books,Books
CUST0224,Books,Books
CUST0224,Books,Books
CUST0224,Books,Books
CUST0226,Books,Clothing
CUST0226,Books,Clothing
CUST0227,Clothing,Clothing
CUST0227,Clothing,Clothing
CUST0227,Clothing,Clothing
CUST0227,Clothing,Clothing
CUST0227,Clothing,Clothing
CUST0227,Clothing,Clothing
CUST0228,Clothing,Electronics
CUST0228,Clothing,Electronics
CUST0228,Clothing,Electronics
CUST0228,Clothing,Electronics
CUST0228,Clothing,Electronics
CUST0228,Clothing,Electronics
CUST0228,Clothing,Electronics
CUST0228,Clothing,Electronics
CUST0228,Clothing,Electronics
CUST0228,Clothing,Electronics
CUST0228,Clothing,Electronics
CUST0228,Clothing,Electronics
CUST0228,Clothing,Electronics
CUST0228,Clothing,Electronics
CUST0228,Clothing,Electronics
CUST0228,Clothing,Electronics
CUST0228,Clothing,Electronics
CUST0228,Clothing,Electronics
CUST0228,Clothing,Electronics
CUST0228,Clothing,Electronics
CUST0228,Clothing,Electronics
CUST0228,Clothing,Electronics
CUST0228,Clothing,Electronics
CUST0229,Clothing,Electronics
CUST0229,Clothing,Electronics
CUST0229,Clothing,Electronics
CUST0229,Clothing,Electronics
CUST0230,Home,Electronics
CUST0230,Home,Electronics
CUST0230,Home,Electronics
CUST0230,Home,Electronics
CUST0230,Home,Electronics
CUST0230,Home,Electronics
CUST0230,Home,Electronics
CUST0230,Home,Electronics
CUST0230,Home,Electronics
CUST0230,Home,Electronics
CUST0231,Home,Home
CUST0231,Home,Home
CUST0231,Home,Home
CUST0232,Home,Home
CUST0232,Home,Home
CUST0232,Home,Home
CUST0232,Home,Home
CUST0232,Home,Home
CUST0232,Home,Home
CUST0233,Clothing,Electronics
CUST0233,Clothing,Electronics
CUST0233,Clothing,Electronics
CUST0233,Clothing,Electronics
CUST0234,Books,Books
CUST0234,Books,Books
CUST0235,Clothing,Books
CUST0235,Clothing,Books
CUST0236,Electronics,Electronics
CUST0239,Books,Electronics
CUST0239,Books,Electronics
CUST0239,Books,Electronics
CUST0239,Books,Electronics
CUST0239,Books,Electronics
CUST0239,Books,Electronics
CUST0239,Books,Electronics
CUST0239,Books,Electronics
CUST0239,Books,Electronics
CUST0239,Books,Electronics
CUST0239,Books,Electronics
CUST0239,Books,Electronics
CUST0239,Books,Electronics
CUST0239,Books,Electronics
CUST0239,Books,Electronics
CUST0239,Books,Electronics
CUST0239,Books,Electronics
CUST0241,Books,Clothing
CUST0241,Books,Clothing
CUST0241,Books,Clothing
CUST0241,Books,Clothing
CUST0243,Clothing,Clothing
CUST0244,Books,Electronics
CUST0244,Books,Electronics
CUST0244,Books,Electronics
CUST0245,Home,Clothing
CUST0245,Home,Clothing
CUST0245,Home,Clothing
CUST0245,Home,Clothing
CUST0246,Home,Clothing
CUST0246,Home,Clothing
CUST0246,Home,Clothing
CUST0246,Home,Clothing
CUST0246,Home,Clothing
CUST0246,Home,Clothing
CUST0246,Home,Clothing
CUST0246,Home,Clothing
CUST0246,Home,Clothing
CUST0246,Home,Clothing
CUST0246,Home,Clothing
CUST0247,Home,Clothing
CUST0247,Home,Clothing
CUST0247,Home,Clothing
CUST0247,Home,Clothing
CUST0247,Home,Clothing
CUST0248,Home,Electronics
CUST0248,Home,Electronics
CUST0248,Home,Electronics
CUST0249,Clothing,Electronics
CUST0249,Clothing,Electronics
CUST0249,Clothing,Electronics
CUST0249,Clothing,Electronics
CUST0249,Clothing,Electronics
CUST0249,Clothing,Electronics
CUST0249,Clothing,Electronics
CUST0249,Clothing,Electronics
CUST0250,Home,Electronics
CUST0250,Home,Electronics
CUST0250,Home,Electronics
CUST0250,Home,Electronics
CUST0250,Home,Electronics
CUST0250,Home,Electronics
CUST0251,Electronics,Books
CUST0251,Electronics,Books
CUST0251,Electronics,Books
CUST0251,Electronics,Books
CUST0252,Books,Electronics
CUST0252,Books,Electronics
CUST0252,Books,Electronics
CUST0252,Books,Electronics
CUST0252,Books,Electronics
CUST0252,Books,Electronics
CUST0253,Clothing,Books
CUST0253,Clothing,Books
CUST0253,Clothing,Books
CUST0253,Clothing,Books
CUST0253,Clothing,Books
CUST0253,Clothing,Books
CUST0253,Clothing,Books
CUST0253,Clothing,Books
CUST0253,Clothing,Books
CUST0253,Clothing,Books
CUST0253,Clothing,Books
CUST0253,Clothing,Books
CUST0253,Clothing,Books
CUST0253,Clothing,Books
CUST0253,Clothing,Books
CUST0253,Clothing,Books
CUST0253,Clothing,Books
CUST0253,Clothing,Books
CUST0253,Clothing,Books
CUST0254,Home,Clothing
CUST0254,Home,Clothing
CUST0254,Home,Clothing
CUST0254,Home,Clothing
CUST0254,Home,Clothing
CUST0254,Home,Clothing
CUST0254,Home,Clothing
CUST0254,Home,Clothing
CUST0254,Home,Clothing
CUST0254,Home,Clothing
CUST0255,Home,Electronics
CUST0255,Home,Electronics
CUST0255,Home,Electronics
CUST0255,Home,Electronics
CUST0256,Electronics,Clothing
CUST0256,Electronics,Clothing
CUST0256,Electronics,Clothing
CUST0256,Electronics,Clothing
CUST0256,Electronics,Clothing
CUST0256,Electronics,Clothing
CUST0256,Electronics,Clothing
CUST0257,Home,Clothing
CUST0257,Home,Clothing
CUST0257,Home,Clothing
CUST0257,Home,Clothing
CUST0257,Home,Clothing
CUST0257,Home,Clothing
CUST0258,Electronics,Clothing
CUST0258,Electronics,Clothing
CUST0258,Electronics,Clothing
CUST0258,Electronics,Clothing
CUST0258,Electronics,Clothing
CUST0258,Electronics,Clothing
CUST0258,Electronics,Clothing
CUST0258,Electronics,Clothing
CUST0258,Electronics,Clothing
CUST0258,Electronics,Clothing
CUST0258,Electronics,Clothing
CUST0258,Electronics,Clothing
CUST0258,Electronics,Clothing
CUST0258,Electronics,Clothing
CUST0258,Electronics,Clothing
CUST0258,Electronics,Clothing
CUST0258,Electronics,Clothing
CUST0258,Electronics,Clothing
CUST0259,Books,Home
CUST0259,Books,Home
CUST0259,Books,Home
CUST0260,Books,Books
CUST0260,Books,Books
CUST0260,Books,Books
CUST0260,Books,Books
CUST0260,Books,Books
CUST0260,Books,Books
CUST0260,Books,Books
CUST0260,Books,Books
CUST0260,Books,Books
CUST0261,Electronics,Home
CUST0261,Electronics,Home
CUST0261,Electronics,Home
CUST0261,Electronics,Home
CUST0261,Electronics,Home
CUST0261,Electronics,Home
CUST0261,Electronics,Home
CUST0261,Electronics,Home
CUST0261,Electronics,Home
CUST0261,Electronics,Home
CUST0261,Electronics,Home
CUST0261,Electronics,Home
CUST0261,Electronics,Home
CUST0262,Electronics,Electronics
CUST0262,Electronics,Electronics
CUST0262,Electronics,Electronics
CUST0262,Electronics,Electronics
CUST0263,Books,Clothing
CUST0263,Books,Clothing
CUST0263,Books,Clothing
CUST0263,Books,Clothing
CUST0263,Books,Clothing
CUST0263,Books,Clothing
CUST0263,Books,Clothing
CUST0263,Books,Clothing
CUST0263,Books,Clothing
CUST0263,Books,Clothing
CUST0263,Books,Clothing
CUST0263,Books,Clothing
CUST0263,Books,Clothing
CUST0263,Books,Clothing
CUST0263,Books,Clothing
CUST0263,Books,Clothing
CUST0263,Books,Clothing
CUST0263,Books,Clothing
CUST0263,Books,Clothing
CUST0263,Books,Clothing
CUST0263,Books,Clothing
CUST0263,Books,Clothing
CUST0265,Home,Electronics
CUST0265,Home,Electronics
CUST0265,Home,Electronics
CUST0265,Home,Electronics
CUST0265,Home,Electronics
CUST0265,Home,Electronics
CUST0265,Home,Electronics
CUST0265,Home,Electronics
CUST0265,Home,Electronics
CUST0265,Home,Electronics
CUST0265,Home,Electronics
CUST0265,Home,Electronics
CUST0265,Home,Electronics
CUST0265,Home,Electronics
CUST0268,Electronics,Books
CUST0268,Electronics,Books
CUST0268,Electronics,Books
CUST0268,Electronics,Books
CUST0268,Electronics,Books
CUST0268,Electronics,Books
CUST0269,Books,Electronics
CUST0269,Books,Electronics
CUST0271,Electronics,Clothing
CUST0271,Electronics,Clothing
CUST0271,Electronics,Clothing
CUST0271,Electronics,Clothing
CUST0272,Books,Books
CUST0272,Books,Books
CUST0272,Books,Books
CUST0272,Books,Books
CUST0272,Books,Books
CUST0272,Books,Books
CUST0272,Books,Books
CUST0272,Books,Books
CUST0272,Books,Books
CUST0273,Home,Home
CUST0273,Home,Home
CUST0273,Home,Home
CUST0273,Home,Home
CUST0274,Home,Clothing
CUST0274,Home,Clothing
CUST0274,Home,Clothing
CUST0274,Home,Clothing
CUST0274,Home,Clothing
CUST0274,Home,Clothing
CUST0274,Home,Clothing
CUST0275,Clothing,Clothing
CUST0276,Clothing,Books
CUST0276,Clothing,Books
CUST0276,Clothing,Books
CUST0276,Clothing,Books
CUST0276,Clothing,Books
CUST0278,Books,Home
CUST0278,Books,Home
CUST0278,Books,Home
CUST0278,Books,Home
CUST0278,Books,Home
CUST0278,Books,Home
CUST0278,Books,Home
CUST0278,Books,Home
CUST0278,Books,Home
CUST0278,Books,Home
CUST0278,Books,Home
CUST0278,Books,Home
CUST0278,Books,Home
CUST0279,Clothing,Home
CUST0279,Clothing,Home
CUST0279,Clothing,Home
CUST0279,Clothing,Home
CUST0279,Clothing,Home
CUST0279,Clothing,Home
CUST0279,Clothing,Home
CUST0280,Electronics,Clothing
CUST0280,Electronics,Clothing
CUST0280,Electronics,Clothing
CUST0280,Electronics,Clothing
CUST0280,Electronics,Clothing
CUST0281,Clothing,Home
CUST0281,Clothing,Home
CUST0282,Home,Books
CUST0282,Home,Books
CUST0282,Home,Books
CUST0282,Home,Books
CUST0283,Home,Electronics
CUST0283,Home,Electronics
CUST0283,Home,Electronics
CUST0283,Home,Electronics
CUST0283,Home,Electronics
CUST0283,Home,Electronics
CUST0283,Home,Electronics
CUST0283,Home,Electronics
CUST0283,Home,Electronics
CUST0283,Home,Electronics
CUST0285,Clothing,Electronics
CUST0285,Clothing,Electronics
CUST0285,Clothing,Electronics
CUST0286,Clothing,Books
CUST0286,Clothing,Books
CUST0286,Clothing,Books
CUST0286,Clothing,Books
CUST0286,Clothing,Books
CUST0286,Clothing,Books
CUST0286,Clothing,Books
CUST0286,Clothing,Books
CUST0286,Clothing,Books
CUST0286,Clothing,Books
CUST0286,Clothing,Books
CUST0286,Clothing,Books
CUST0287,Home,Electronics
CUST0287,Home,Electronics
CUST0287,Home,Electronics
CUST0287,Home,Electronics
CUST0287,Home,Electronics
CUST0287,Home,Electronics
CUST0287,Home,Electronics
CUST0287,Home,Electronics
CUST0287,Home,Electronics
CUST0287,Home,Electronics
CUST0287,Home,Electronics
CUST0287,Home,Electronics
CUST0287,Home,Electronics
CUST0287,Home,Electronics
CUST0287,Home,Electronics
CUST0287,Home,Electronics
CUST0287,Home,Electronics
CUST0287,Home,Electronics
CUST0287,Home,Electronics
CUST0288,Electronics,Electronics
CUST0288,Electronics,Electronics
CUST0288,Electronics,Electronics
CUST0288,Electronics,Electronics
CUST0288,Electronics,Electronics
CUST0288,Electronics,Electronics
CUST0288,Electronics,Electronics
CUST0288,Electronics,Electronics
CUST0288,Electronics,Electronics
CUST0288,Electronics,Electronics
CUST0288,Electronics,Electronics
CUST0291,Clothing,Home
CUST0291,Clothing,Home
CUST0292,Home,Electronics
CUST0292,Home,Electronics
CUST0292,Home,Electronics
CUST0292,Home,Electronics
CUST0292,Home,Electronics
CUST0292,Home,Electronics
CUST0292,Home,Electronics
CUST0292,Home,Electronics
CUST0292,Home,Electronics
CUST0292,Home,Electronics
CUST0292,Home,Electronics
CUST0293,Home,Clothing
CUST0293,Home,Clothing
CUST0293,Home,Clothing
CUST0293,Home,Clothing
CUST0293,Home,Clothing
CUST0293,Home,Clothing
CUST0293,Home,Clothing
CUST0293,Home,Clothing
CUST0293,Home,Clothing
CUST0294,Books,Electronics
CUST0294,Books,Electronics
CUST0294,Books,Electronics
CUST0294,Books,Electronics
CUST0294,Books,Electronics
CUST0294,Books,Electronics
CUST0294,Books,Electronics
CUST0294,Books,Electronics
CUST0294,Books,Electronics
CUST0295,Home,Home
CUST0296,Books,Electronics
CUST0296,Books,Electronics
CUST0296,Books,Electronics
CUST0296,Books,Electronics
CUST0297,Electronics,Home
CUST0297,Electronics,Home
CUST0297,Electronics,Home
CUST0297,Electronics,Home
CUST0297,Electronics,Home
CUST0297,Electronics,Home
CUST0297,Electronics,Home
CUST0297,Electronics,Home
CUST0298,Clothing,Electronics
CUST0298,Clothing,Electronics
CUST0298,Clothing,Electronics
CUST0299,Books,Electronics
CUST0299,Books,Electronics
CUST0299,Books,Electronics
CUST0299,Books,Electronics
CUST0300,Books,Clothing
CUST0300,Books,Clothing
CUST0300,Books,Clothing
CUST0300,Books,Clothing
CUST0300,Books,Clothing
CUST0300,Books,Clothing
CUST0301,Books,Books
CUST0301,Books,Books
CUST0301,Books,Books
CUST0301,Books,Books
CUST0302,Electronics,Electronics
CUST0303,Electronics,Home
CUST0303,Electronics,Home
CUST0303,Electronics,Home
CUST0303,Electronics,Home
CUST0303,Electronics,Home
CUST0303,Electronics,Home
CUST0304,Home,Books
CUST0304,Home,Books
CUST0304,Home,Books
CUST0304,Home,Books
CUST0304,Home,Books
CUST0304,Home,Books
CUST0304,Home,Books
CUST0304,Home,Books
CUST0304,Home,Books
CUST0304,Home,Books
CUST0305,Home,Electronics
CUST0305,Home,Electronics
CUST0309,Home,Electronics
CUST0309,Home,Electronics
CUST0309,Home,Electronics
CUST0309,Home,Electronics
CUST0309,Home,Electronics
CUST0309,Home,Electronics
CUST0309,Home,Electronics
CUST0310,Home,Home
CUST0310,Home,Home
CUST0310,Home,Home
CUST0310,Home,Home
CUST0310,Home,Home
CUST0310,Home,Home
CUST0310,Home,Home
CUST0311,Clothing,Home
CUST0311,Clothing,Home
CUST0311,Clothing,Home
CUST0311,Clothing,Home
CUST0311,Clothing,Home
CUST0312,Electronics,Home
CUST0312,Electronics,Home
CUST0312,Electronics,Home
CUST0312,Electronics,Home
CUST0312,Electronics,Home
CUST0312,Electronics,Home
CUST0312,Electronics,Home
CUST0312,Electronics,Home
CUST0313,Books,Home
CUST0313,Books,Home
CUST0313,Books,Home
CUST0313,Books,Home
CUST0313,Books,Home
CUST0313,Books,Home
CUST0313,Books,Home
CUST0313,Books,Home
CUST0313,Books,Home
CUST0313,Books,Home
CUST0313,Books,Home
CUST0313,Books,Home
CUST0313,Books,Home
CUST0313,Books,Home
CUST0313,Books,Home
CUST0313,Books,Home
CUST0314,Books,Clothing
CUST0314,Books,Clothing
CUST0314,Books,Clothing
CUST0314,Books,Clothing
CUST0314,Books,Clothing
CUST0314,Books,Clothing
CUST0314,Books,Clothing
CUST0315,Books,Electronics
CUST0315,Books,Electronics
CUST0315,Books,Electronics
CUST0315,Books,Electronics
CUST0316,Books,Home
CUST0316,Books,Home
CUST0316,Books,Home
CUST0316,Books,Home
CUST0316,Books,Home
CUST0316,Books,Home
CUST0316,Books,Home
CUST0317,Clothing,Clothing
CUST0317,Clothing,Clothing
CUST0317,Clothing,Clothing
CUST0317,Clothing,Clothing
CUST0317,Clothing,Clothing
CUST0317,Clothing,Clothing
CUST0317,Clothing,Clothing
CUST0317,Clothing,Clothing
CUST0317,Clothing,Clothing
CUST0317,Clothing,Clothing
CUST0317,Clothing,Clothing
CUST0317,Clothing,Clothing
CUST0319,Electronics,Books
CUST0319,Electronics,Books
CUST0319,Electronics,Books
CUST0319,Electronics,Books
CUST0319,Electronics,Books
CUST0319,Electronics,Books
CUST0319,Electronics,Books
CUST0319,Electronics,Books
CUST0319,Electronics,Books
CUST0319,Electronics,Books
CUST0320,Books,Clothing
CUST0320,Books,Clothing
CUST0321,Home,Clothing
CUST0321,Home,Clothing
CUST0321,Home,Clothing
CUST0321,Home,Clothing
CUST0321,Home,Clothing
CUST0321,Home,Clothing
CUST0321,Home,Clothing
CUST0321,Home,Clothing
CUST0321,Home,Clothing
CUST0322,Home,Home
CUST0322,Home,Home
CUST0322,Home,Home
CUST0322,Home,Home
CUST0322,Home,Home
CUST0322,Home,Home
CUST0322,Home,Home
CUST0322,Home,Home
CUST0322,Home,Home
CUST0323,Home,Clothing
CUST0323,Home,Clothing
CUST0323,Home,Clothing
CUST0323,Home,Clothing
CUST0325,Electronics,Electronics
CUST0325,Electronics,Electronics
CUST0325,Electronics,Electronics
CUST0325,Electronics,Electronics
CUST0325,Electronics,Electronics
CUST0325,Electronics,Electronics
CUST0325,Electronics,Electronics
CUST0325,Electronics,Electronics
CUST0325,Electronics,Electronics
CUST0325,Electronics,Electronics
CUST0325,Electronics,Electronics
CUST0325,Electronics,Electronics
CUST0326,Clothing,Books
CUST0326,Clothing,Books
CUST0326,Clothing,Books
CUST0326,Clothing,Books
CUST0326,Clothing,Books
CUST0326,Clothing,Books
CUST0327,Home,Clothing
CUST0327,Home,Clothing
CUST0327,Home,Clothing
CUST0327,Home,Clothing
CUST0327,Home,Clothing
CUST0327,Home,Clothing
CUST0327,Home,Clothing
CUST0327,Home,Clothing
CUST0327,Home,Clothing
CUST0327,Home,Clothing
CUST0328,Home,Electronics
CUST0328,Home,Electronics
CUST0328,Home,Electronics
CUST0328,Home,Electronics
CUST0328,Home,Electronics
CUST0328,Home,Electronics
CUST0328,Home,Electronics
CUST0328,Home,Electronics
CUST0330,Home,Books
CUST0330,Home,Books
CUST0330,Home,Books
CUST0330,Home,Books
CUST0330,Home,Books
CUST0330,Home,Books
CUST0331,Home,Clothing
CUST0331,Home,Clothing
CUST0331,Home,Clothing
CUST0331,Home,Clothing
CUST0332,Clothing,Clothing
CUST0332,Clothing,Clothing
CUST0332,Clothing,Clothing
CUST0332,Clothing,Clothing
CUST0332,Clothing,Clothing
CUST0332,Clothing,Clothing
CUST0332,Clothing,Clothing
CUST0332,Clothing,Clothing
CUST0332,Clothing,Clothing
CUST0332,Clothing,Clothing
CUST0332,Clothing,Clothing
CUST0333,Books,Electronics
CUST0333,Books,Electronics
CUST0334,Books,Books
CUST0334,Books,Books
CUST0334,Books,Books
CUST0334,Books,Books
CUST0334,Books,Books
CUST0334,Books,Books
CUST0335,Clothing,Books
CUST0335,Clothing,Books
CUST0335,Clothing,Books
CUST0335,Clothing,Books
CUST0335,Clothing,Books
CUST0335,Clothing,Books
CUST0335,Clothing,Books
CUST0336,Home,Home
CUST0337,Books,Home
CUST0337,Books,Home
CUST0337,Books,Home
CUST0337,Books,Home
CUST0338,Clothing,Books
CUST0338,Clothing,Books
CUST0338,Clothing,Books
CUST0338,Clothing,Books
CUST0338,Clothing,Books
CUST0338,Clothing,Books
CUST0339,Books,Books
CUST0339,Books,Books
CUST0339,Books,Books
CUST0340,Home,Home
CUST0340,Home,Home
CUST0340,Home,Home
CUST0340,Home,Home
CUST0340,Home,Home
CUST0342,Electronics,Books
CUST0342,Electronics,Books
CUST0342,Electronics,Books
CUST0342,Electronics,Books
CUST0342,Electronics,Books
CUST0342,Electronics,Books
CUST0342,Electronics,Books
CUST0343,Clothing,Home
CUST0343,Clothing,Home
CUST0343,Clothing,Home
CUST0343,Clothing,Home
CUST0343,Clothing,Home
CUST0343,Clothing,Home
CUST0344,Clothing,Clothing
CUST0344,Clothing,Clothing
CUST0344,Clothing,Clothing
CUST0344,Clothing,Clothing
CUST0344,Clothing,Clothing
CUST0344,Clothing,Clothing
CUST0344,Clothing,Clothing
CUST0344,Clothing,Clothing
CUST0344,Clothing,Clothing
CUST0344,Clothing,Clothing
CUST0345,Clothing,Books
CUST0345,Clothing,Books
CUST0345,Clothing,Books
CUST0345,Clothing,Books
CUST0345,Clothing,Books
CUST0345,Clothing,Books
CUST0345,Clothing,Books
CUST0345,Clothing,Books
CUST0345,Clothing,Books
CUST0345,Clothing,Books
CUST0345,Clothing,Books
CUST0346,Electronics,Books
CUST0346,Electronics,Books
CUST0346,Electronics,Books
CUST0346,Electronics,Books
CUST0346,Electronics,Books
CUST0346,Electronics,Books
CUST0348,Home,Electronics
CUST0348,Home,Electronics
CUST0349,Electronics,Home
CUST0349,Electronics,Home
CUST0349,Electronics,Home
CUST0349,Electronics,Home
CUST0349,Electronics,Home
CUST0349,Electronics,Home
CUST0349,Electronics,Home
CUST0349,Electronics,Home
CUST0350,Books,Clothing
CUST0350,Books,Clothing
CUST0350,Books,Clothing
CUST0350,Books,Clothing
CUST0350,Books,Clothing
CUST0351,Home,Books
CUST0351,Home,Books
CUST0351,Home,Books
CUST0351,Home,Books
CUST0351,Home,Books
CUST0351,Home,Books
CUST0351,Home,Books
CUST0351,Home,Books
CUST0351,Home,Books
CUST0352,Books,Books
CUST0352,Books,Books
CUST0352,Books,Books
CUST0352,Books,Books
CUST0352,Books,Books
CUST0353,Home,Books
CUST0353,Home,Books
CUST0353,Home,Books
CUST0353,Home,Books
CUST0353,Home,Books
CUST0353,Home,Books
CUST0353,Home,Books
CUST0353,Home,Books
CUST0353,Home,Books
CUST0353,Home,Books
CUST0353,Home,Books
CUST0353,Home,Books
CUST0355,Books,Electronics
CUST0355,Books,Electronics
CUST0355,Books,Electronics
CUST0355,Books,Electronics
CUST0355,Books,Electronics
CUST0355,Books,Electronics
CUST0355,Books,Electronics
CUST0356,Books,Books
CUST0356,Books,Books
CUST0356,Books,Books
CUST0356,Books,Books
CUST0356,Books,Books
CUST0356,Books,Books
CUST0356,Books,Books
CUST0357,Electronics,Home
CUST0357,Electronics,Home
CUST0358,Electronics,Books
CUST0358,Electronics,Books
CUST0358,Electronics,Books
CUST0358,Electronics,Books
CUST0358,Electronics,Books
CUST0358,Electronics,Books
CUST0358,Electronics,Books
CUST0358,Electronics,Books
CUST0359,Clothing,Home
CUST0359,Clothing,Home
CUST0359,Clothing,Home
CUST0359,Clothing,Home
CUST0359,Clothing,Home
CUST0359,Clothing,Home
CUST0359,Clothing,Home
CUST0359,Clothing,Home
CUST0359,Clothing,Home
CUST0359,Clothing,Home
CUST0359,Clothing,Home
CUST0360,Books,Clothing
CUST0360,Books,Clothing
CUST0360,Books,Clothing
CUST0360,Books,Clothing
CUST0360,Books,Clothing
CUST0360,Books,Clothing
CUST0360,Books,Clothing
CUST0360,Books,Clothing
CUST0360,Books,Clothing
CUST0362,Electronics,Home
CUST0362,Electronics,Home
CUST0362,Electronics,Home
CUST0364,Clothing,Books
CUST0364,Clothing,Books
CUST0364,Clothing,Books
CUST0364,Clothing,Books
CUST0364,Clothing,Books
CUST0364,Clothing,Books
CUST0364,Clothing,Books
CUST0364,Clothing,Books
CUST0365,Home,Books
CUST0365,Home,Books
CUST0365,Home,Books
CUST0366,Home,Electronics
CUST0366,Home,Electronics
CUST0367,Clothing,Electronics
CUST0367,Clothing,Electronics
CUST0367,Clothing,Electronics
CUST0367,Clothing,Electronics
CUST0367,Clothing,Electronics
CUST0368,Electronics,Electronics
CUST0368,Electronics,Electronics
CUST0370,Electronics,Electronics
CUST0370,Electronics,Electronics
CUST0370,Electronics,Electronics
CUST0370,Electronics,Electronics
CUST0370,Electronics,Electronics
CUST0370,Electronics,Electronics
CUST0370,Electronics,Electronics
CUST0370,Electronics,Electronics
CUST0371,Home,Home
CUST0371,Home,Home
CUST0371,Home,Home
CUST0371,Home,Home
CUST0371,Home,Home
CUST0371,Home,Home
CUST0372,Books,Clothing
CUST0372,Books,Clothing
CUST0372,Books,Clothing
CUST0372,Books,Clothing
CUST0372,Books,Clothing
CUST0372,Books,Clothing
CUST0372,Books,Clothing
CUST0372,Books,Clothing
CUST0374,Home,Electronics
CUST0374,Home,Electronics
CUST0374,Home,Electronics
CUST0374,Home,Electronics
CUST0374,Home,Electronics
CUST0376,Books,Home
CUST0376,Books,Home
CUST0376,Books,Home
CUST0376,Books,Home
CUST0376,Books,Home
CUST0376,Books,Home
CUST0376,Books,Home
CUST0376,Books,Home
CUST0376,Books,Home
CUST0376,Books,Home
CUST0376,Books,Home
CUST0376,Books,Home
CUST0376,Books,Home
CUST0376,Books,Home
CUST0376,Books,Home
CUST0376,Books,Home
CUST0376,Books,Home
CUST0377,Electronics,Books
CUST0377,Electronics,Books
CUST0377,Electronics,Books
CUST0377,Electronics,Books
CUST0377,Electronics,Books
CUST0377,Electronics,Books
CUST0377,Electronics,Books
CUST0377,Electronics,Books
CUST0377,Electronics,Books
CUST0377,Electronics,Books
CUST0377,Electronics,Books
CUST0377,Electronics,Books
CUST0379,Books,Books
CUST0379,Books,Books
CUST0379,Books,Books
CUST0379,Books,Books
CUST0379,Books,Books
CUST0379,Books,Books
CUST0379,Books,Books
CUST0379,Books,Books
CUST0379,Books,Books
CUST0380,Home,Electronics
CUST0380,Home,Electronics
CUST0381,Home,Electronics
CUST0381,Home,Electronics
CUST0381,Home,Electronics
CUST0382,Clothing,Home
CUST0382,Clothing,Home
CUST0382,Clothing,Home
CUST0382,Clothing,Home
CUST0382,Clothing,Home
CUST0382,Clothing,Home
CUST0382,Clothing,Home
CUST0382,Clothing,Home
CUST0382,Clothing,Home
CUST0382,Clothing,Home
CUST0382,Clothing,Home
CUST0382,Clothing,Home
CUST0382,Clothing,Home
CUST0382,Clothing,Home
CUST0383,Home,Clothing
CUST0383,Home,Clothing
CUST0383,Home,Clothing
CUST0383,Home,Clothing
CUST0383,Home,Clothing
CUST0383,Home,Clothing
CUST0383,Home,Clothing
CUST0383,Home,Clothing
CUST0383,Home,Clothing
CUST0384,Home,Electronics
CUST0384,Home,Electronics
CUST0384,Home,Electronics
CUST0384,Home,Electronics
CUST0385,Electronics,Electronics
CUST0385,Electronics,Electronics
CUST0385,Electronics,Electronics
CUST0385,Electronics,Electronics
CUST0385,Electronics,Electronics
CUST0385,Electronics,Electronics
CUST0385,Electronics,Electronics
CUST0386,Electronics,Books
CUST0386,Electronics,Books
CUST0386,Electronics,Books
CUST0386,Electronics,Books
CUST0386,Electronics,Books
CUST0386,Electronics,Books
CUST0386,Electronics,Books
CUST0386,Electronics,Books
CUST0386,Electronics,Books
CUST0386,Electronics,Books
CUST0387,Home,Clothing
CUST0387,Home,Clothing
CUST0387,Home,Clothing
CUST0387,Home,Clothing
CUST0387,Home,Clothing
CUST0387,Home,Clothing
CUST0389,Electronics,Electronics
CUST0390,Home,Clothing
CUST0390,Home,Clothing
CUST0390,Home,Clothing
CUST0390,Home,Clothing
CUST0390,Home,Clothing
CUST0391,Clothing,Home
CUST0391,Clothing,Home
CUST0391,Clothing,Home
CUST0391,Clothing,Home
CUST0391,Clothing,Home
CUST0391,Clothing,Home
CUST0391,Clothing,Home
CUST0391,Clothing,Home
CUST0391,Clothing,Home
CUST0391,Clothing,Home
CUST0391,Clothing,Home
CUST0391,Clothing,Home
CUST0391,Clothing,Home
CUST0392,Home,Clothing
CUST0392,Home,Clothing
CUST0392,Home,Clothing
CUST0392,Home,Clothing
CUST0392,Home,Clothing
CUST0393,Electronics,Electronics
CUST0394,Electronics,Clothing
CUST0394,Electronics,Clothing
CUST0394,Electronics,Clothing
CUST0394,Electronics,Clothing
CUST0394,Electronics,Clothing
CUST0394,Electronics,Clothing
CUST0394,Electronics,Clothing
CUST0395,Clothing,Clothing
CUST0395,Clothing,Clothing
CUST0395,Clothing,Clothing
CUST0395,Clothing,Clothing
CUST0395,Clothing,Clothing
CUST0395,Clothing,Clothing
CUST0396,Electronics,Electronics
CUST0396,Electronics,Electronics
CUST0396,Electronics,Electronics
CUST0396,Electronics,Electronics
CUST0396,Electronics,Electronics
CUST0396,Electronics,Electronics
CUST0396,Electronics,Electronics
CUST0397,Books,Home
CUST0397,Books,Home
CUST0397,Books,Home
CUST0397,Books,Home
CUST0398,Electronics,Electronics
CUST0399,Electronics,Electronics
CUST0399,Electronics,Electronics
CUST0399,Electronics,Electronics
CUST0399,Electronics,Electronics
CUST0399,Electronics,Electronics
CUST0399,Electronics,Electronics
CUST0401,Clothing,Home
CUST0401,Clothing,Home
CUST0401,Clothing,Home
CUST0401,Clothing,Home
CUST0401,Clothing,Home
CUST0401,Clothing,Home
CUST0401,Clothing,Home
CUST0401,Clothing,Home
CUST0401,Clothing,Home
CUST0401,Clothing,Home
CUST0401,Clothing,Home
CUST0401,Clothing,Home
CUST0401,Clothing,Home
CUST0401,Clothing,Home
CUST0401,Clothing,Home
CUST0401,Clothing,Home
CUST0401,Clothing,Home
CUST0402,Home,Electronics
CUST0402,Home,Electronics
CUST0402,Home,Electronics
CUST0403,Home,Home
CUST0403,Home,Home
CUST0404,Electronics,Electronics
CUST0404,Electronics,Electronics
CUST0404,Electronics,Electronics
CUST0404,Electronics,Electronics
CUST0405,Electronics,Books
CUST0405,Electronics,Books
CUST0405,Electronics,Books
CUST0405,Electronics,Books
CUST0405,Electronics,Books
CUST0405,Electronics,Books
CUST0405,Electronics,Books
CUST0405,Electronics,Books
CUST0405,Electronics,Books
CUST0405,Electronics,Books
CUST0405,Electronics,Books
CUST0406,Home,Clothing
CUST0406,Home,Clothing
CUST0406,Home,Clothing
CUST0406,Home,Clothing
CUST0406,Home,Clothing
CUST0406,Home,Clothing
CUST0406,Home,Clothing
CUST0406,Home,Clothing
CUST0406,Home,Clothing
CUST0406,Home,Clothing
CUST0409,Clothing,Home
CUST0409,Clothing,Home
CUST0409,Clothing,Home
CUST0409,Clothing,Home
CUST0409,Clothing,Home
CUST0409,Clothing,Home
CUST0410,Clothing,Clothing
CUST0410,Clothing,Clothing
CUST0410,Clothing,Clothing
CUST0410,Clothing,Clothing
CUST0410,Clothing,Clothing
CUST0410,Clothing,Clothing
CUST0410,Clothing,Clothing
CUST0410,Clothing,Clothing
CUST0410,Clothing,Clothing
CUST0410,Clothing,Clothing
CUST0410,Clothing,Clothing
CUST0410,Clothing,Clothing
CUST0411,Clothing,Clothing
CUST0411,Clothing,Clothing
CUST0411,Clothing,Clothing
CUST0414,Home,Books
CUST0414,Home,Books
CUST0414,Home,Books
CUST0414,Home,Books
CUST0415,Books,Clothing
CUST0415,Books,Clothing
CUST0415,Books,Clothing
CUST0415,Books,Clothing
CUST0416,Clothing,Clothing
CUST0416,Clothing,Clothing
CUST0416,Clothing,Clothing
CUST0416,Clothing,Clothing
CUST0416,Clothing,Clothing
CUST0416,Clothing,Clothing
CUST0416,Clothing,Clothing
CUST0416,Clothing,Clothing
CUST0416,Clothing,Clothing
CUST0416,Clothing,Clothing
CUST0417,Electronics,Clothing
CUST0417,Electronics,Clothing
CUST0417,Electronics,Clothing
CUST0417,Electronics,Clothing
CUST0417,Electronics,Clothing
CUST0417,Electronics,Clothing
CUST0417,Electronics,Clothing
CUST0417,Electronics,Clothing
CUST0418,Books,Home
CUST0418,Books,Home
CUST0418,Books,Home
CUST0418,Books,Home
CUST0420,Home,Books
CUST0420,Home,Books
CUST0420,Home,Books
CUST0420,Home,Books
CUST0420,Home,Books
CUST0420,Home,Books
CUST0420,Home,Books
CUST0420,Home,Books
CUST0420,Home,Books
CUST0420,Home,Books
CUST0420,Home,Books
CUST0421,Electronics,Home
CUST0421,Electronics,Home
CUST0421,Electronics,Home
CUST0421,Electronics,Home
CUST0421,Electronics,Home
CUST0421,Electronics,Home
CUST0421,Electronics,Home
CUST0421,Electronics,Home
CUST0422,Home,Books
CUST0422,Home,Books
CUST0422,Home,Books
CUST0422,Home,Books
CUST0422,Home,Books
CUST0422,Home,Books
CUST0422,Home,Books
CUST0423,Books,Clothing
CUST0423,Books,Clothing
CUST0423,Books,Clothing
CUST0423,Books,Clothing
CUST0423,Books,Clothing
CUST0423,Books,Clothing
CUST0423,Books,Clothing
CUST0424,Electronics,Electronics
CUST0424,Electronics,Electronics
CUST0424,Electronics,Electronics
CUST0424,Electronics,Electronics
CUST0424,Electronics,Electronics
CUST0425,Clothing,Clothing
CUST0425,Clothing,Clothing
CUST0426,Books,Clothing
CUST0426,Books,Clothing
CUST0426,Books,Clothing
CUST0426,Books,Clothing
CUST0427,Home,Home
CUST0427,Home,Home
CUST0427,Home,Home
CUST0427,Home,Home
CUST0427,Home,Home
CUST0428,Electronics,Electronics
CUST0428,Electronics,Electronics
CUST0428,Electronics,Electronics
CUST0428,Electronics,Electronics
CUST0428,Electronics,Electronics
CUST0428,Electronics,Electronics
CUST0428,Electronics,Electronics
CUST0428,Electronics,Electronics
CUST0428,Electronics,Electronics
CUST0428,Electronics,Electronics
CUST0428,Electronics,Electronics
CUST0428,Electronics,Electronics
CUST0428,Electronics,Electronics
CUST0429,Home,Home
CUST0429,Home,Home
CUST0429,Home,Home
CUST0429,Home,Home
CUST0429,Home,Home
CUST0429,Home,Home
CUST0429,Home,Home
CUST0431,Books,Electronics
CUST0431,Books,Electronics
CUST0431,Books,Electronics
CUST0431,Books,Electronics
CUST0431,Books,Electronics
CUST0431,Books,Electronics
CUST0432,Books,Electronics
CUST0432,Books,Electronics
CUST0432,Books,Electronics
CUST0432,Books,Electronics
CUST0432,Books,Electronics
CUST0432,Books,Electronics
CUST0432,Books,Electronics
CUST0432,Books,Electronics
CUST0432,Books,Electronics
CUST0432,Books,Electronics
CUST0432,Books,Electronics
CUST0432,Books,Electronics
CUST0432,Books,Electronics
CUST0432,Books,Electronics
CUST0432,Books,Electronics
CUST0432,Books,Electronics
CUST0432,Books,Electronics
CUST0432,Books,Electronics
CUST0432,Books,Electronics
CUST0432,Books,Electronics
CUST0433,Electronics,Clothing
CUST0433,Electronics,Clothing
CUST0433,Electronics,Clothing
CUST0434,Electronics,Books
CUST0434,Electronics,Books
CUST0434,Electronics,Books
CUST0434,Electronics,Books
CUST0434,Electronics,Books
CUST0434,Electronics,Books
CUST0435,Books,Electronics
CUST0435,Books,Electronics
CUST0435,Books,Electronics
CUST0435,Books,Electronics
CUST0435,Books,Electronics
CUST0435,Books,Electronics
CUST0435,Books,Electronics
CUST0435,Books,Electronics
CUST0435,Books,Electronics
CUST0436,Home,Clothing
CUST0436,Home,Clothing
CUST0437,Electronics,Books
CUST0437,Electronics,Books
CUST0437,Electronics,Books
CUST0437,Electronics,Books
CUST0437,Electronics,Books
CUST0437,Electronics,Books
CUST0438,Clothing,Books
CUST0438,Clothing,Books
CUST0438,Clothing,Books
CUST0438,Clothing,Books
CUST0439,Clothing,Electronics
CUST0439,Clothing,Electronics
CUST0439,Clothing,Electronics
CUST0439,Clothing,Electronics
CUST0440,Electronics,Home
CUST0440,Electronics,Home
CUST0440,Electronics,Home
CUST0440,Electronics,Home
CUST0440,Electronics,Home
CUST0440,Electronics,Home
CUST0441,Home,Home
CUST0442,Clothing,Clothing
CUST0443,Electronics,Books
CUST0443,Electronics,Books
CUST0443,Electronics,Books
CUST0443,Electronics,Books
CUST0443,Electronics,Books
CUST0443,Electronics,Books
CUST0443,Electronics,Books
CUST0444,Electronics,Clothing
CUST0444,Electronics,Clothing
CUST0444,Electronics,Clothing
CUST0444,Electronics,Clothing
CUST0445,Books,Clothing
CUST0445,Books,Clothing
CUST0445,Books,Clothing
CUST0447,Electronics,Clothing
CUST0447,Electronics,Clothing
CUST0447,Electronics,Clothing
CUST0447,Electronics,Clothing
CUST0450,Home,Electronics
CUST0450,Home,Electronics
CUST0450,Home,Electronics
CUST0450,Home,Electronics
CUST0450,Home,Electronics
CUST0451,Clothing,Clothing
CUST0451,Clothing,Clothing
CUST0451,Clothing,Clothing
CUST0451,Clothing,Clothing
CUST0451,Clothing,Clothing
CUST0451,Clothing,Clothing
CUST0451,Clothing,Clothing
CUST0451,Clothing,Clothing
CUST0451,Clothing,Clothing
CUST0451,Clothing,Clothing
CUST0451,Clothing,Clothing
CUST0451,Clothing,Clothing
CUST0452,Electronics,Electronics
CUST0452,Electronics,Electronics
CUST0452,Electronics,Electronics
CUST0452,Electronics,Electronics
CUST0452,Electronics,Electronics
CUST0453,Books,Home
CUST0453,Books,Home
CUST0453,Books,Home
CUST0453,Books,Home
CUST0453,Books,Home
CUST0453,Books,Home
CUST0453,Books,Home
CUST0453,Books,Home
CUST0453,Books,Home
CUST0453,Books,Home
CUST0453,Books,Home
CUST0453,Books,Home
CUST0453,Books,Home
CUST0454,Electronics,Home
CUST0454,Electronics,Home
CUST0454,Electronics,Home
CUST0454,Electronics,Home
CUST0454,Electronics,Home
CUST0455,Electronics,Home
CUST0455,Electronics,Home
CUST0455,Electronics,Home
CUST0456,Electronics,Home
CUST0456,Electronics,Home
CUST0456,Electronics,Home
CUST0456,Electronics,Home
CUST0456,Electronics,Home
CUST0456,Electronics,Home
CUST0457,Home,Clothing
CUST0457,Home,Clothing
CUST0457,Home,Clothing
CUST0457,Home,Clothing
CUST0457,Home,Clothing
CUST0458,Electronics,Clothing
CUST0458,Electronics,Clothing
CUST0458,Electronics,Clothing
CUST0458,Electronics,Clothing
CUST0458,Electronics,Clothing
CUST0458,Electronics,Clothing
CUST0458,Electronics,Clothing
CUST0459,Books,Clothing
CUST0459,Books,Clothing
CUST0459,Books,Clothing
CUST0459,Books,Clothing
CUST0460,Home,Electronics
CUST0460,Home,Electronics
CUST0460,Home,Electronics
CUST0460,Home,Electronics
CUST0461,Books,Electronics
CUST0461,Books,Electronics
CUST0461,Books,Electronics
CUST0461,Books,Electronics
CUST0461,Books,Electronics
CUST0461,Books,Electronics
CUST0461,Books,Electronics
CUST0461,Books,Electronics
CUST0461,Books,Electronics
CUST0461,Books,Electronics
CUST0461,Books,Electronics
CUST0461,Books,Electronics
CUST0462,Home,Home
CUST0464,Electronics,Books
CUST0464,Electronics,Books
CUST0464,Electronics,Books
CUST0464,Electronics,Books
CUST0464,Electronics,Books
CUST0464,Electronics,Books
CUST0464,Electronics,Books
CUST0464,Electronics,Books
CUST0464,Electronics,Books
CUST0464,Electronics,Books
CUST0464,Electronics,Books
CUST0464,Electronics,Books
CUST0464,Electronics,Books
CUST0464,Electronics,Books
CUST0464,Electronics,Books
CUST0465,Home,Home
CUST0465,Home,Home
CUST0465,Home,Home
CUST0465,Home,Home
CUST0465,Home,Home
CUST0465,Home,Home
CUST0465,Home,Home
CUST0465,Home,Home
CUST0465,Home,Home
CUST0465,Home,Home
CUST0466,Clothing,Clothing
CUST0466,Clothing,Clothing
CUST0467,Clothing,Clothing
CUST0467,Clothing,Clothing
CUST0467,Clothing,Clothing
CUST0467,Clothing,Clothing
CUST0467,Clothing,Clothing
CUST0467,Clothing,Clothing
CUST0467,Clothing,Clothing
CUST0468,Home,Books
CUST0468,Home,Books
CUST0468,Home,Books
CUST0468,Home,Books
CUST0468,Home,Books
CUST0468,Home,Books
CUST0468,Home,Books
CUST0468,Home,Books
CUST0470,Electronics,Clothing
CUST0470,Electronics,Clothing
CUST0470,Electronics,Clothing
CUST0470,Electronics,Clothing
CUST0470,Electronics,Clothing
CUST0470,Electronics,Clothing
CUST0470,Electronics,Clothing
CUST0470,Electronics,Clothing
CUST0471,Clothing,Electronics
CUST0471,Clothing,Electronics
CUST0471,Clothing,Electronics
CUST0473,Electronics,Electronics
CUST0473,Electronics,Electronics
CUST0474,Books,Clothing
CUST0474,Books,Clothing
CUST0474,Books,Clothing
CUST0474,Books,Clothing
CUST0474,Books,Clothing
CUST0474,Books,Clothing
CUST0474,Books,Clothing
CUST0474,Books,Clothing
CUST0475,Home,Clothing
CUST0475,Home,Clothing
CUST0475,Home,Clothing
CUST0475,Home,Clothing
CUST0475,Home,Clothing
CUST0475,Home,Clothing
CUST0475,Home,Clothing
CUST0475,Home,Clothing
CUST0475,Home,Clothing
CUST0476,Home,Books
CUST0476,Home,Books
CUST0476,Home,Books
CUST0476,Home,Books
CUST0476,Home,Books
CUST0476,Home,Books
CUST0476,Home,Books
CUST0476,Home,Books
CUST0476,Home,Books
CUST0476,Home,Books
CUST0476,Home,Books
CUST0476,Home,Books
CUST0476,Home,Books
CUST0476,Home,Books
CUST0476,Home,Books
CUST0476,Home,Books
CUST0477,Electronics,Electronics
CUST0477,Electronics,Electronics
CUST0477,Electronics,Electronics
CUST0477,Electronics,Electronics
CUST0477,Electronics,Electronics
CUST0477,Electronics,Electronics
CUST0477,Electronics,Electronics
CUST0477,Electronics,Electronics
CUST0477,Electronics,Electronics
CUST0477,Electronics,Electronics
CUST0477,Electronics,Electronics
CUST0477,Electronics,Electronics
CUST0477,Electronics,Electronics
CUST0477,Electronics,Electronics
CUST0477,Electronics,Electronics
CUST0477,Electronics,Electronics
CUST0477,Electronics,Electronics
CUST0478,Clothing,Clothing
CUST0478,Clothing,Clothing
CUST0478,Clothing,Clothing
CUST0478,Clothing,Clothing
CUST0478,Clothing,Clothing
CUST0478,Clothing,Clothing
CUST0478,Clothing,Clothing
CUST0478,Clothing,Clothing
CUST0478,Clothing,Clothing
CUST0478,Clothing,Clothing
CUST0478,Clothing,Clothing
CUST0479,Books,Books
CUST0480,Home,Clothing
CUST0480,Home,Clothing
CUST0480,Home,Clothing
CUST0480,Home,Clothing
CUST0480,Home,Clothing
CUST0480,Home,Clothing
CUST0480,Home,Clothing
CUST0480,Home,Clothing
CUST0480,Home,Clothing
CUST0480,Home,Clothing
CUST0480,Home,Clothing
CUST0480,Home,Clothing
CUST0480,Home,Clothing
CUST0480,Home,Clothing
CUST0482,Home,Electronics
CUST0482,Home,Electronics
CUST0482,Home,Electronics
CUST0482,Home,Electronics
CUST0482,Home,Electronics
CUST0482,Home,Electronics
CUST0485,Books,Books
CUST0485,Books,Books
CUST0485,Books,Books
CUST0485,Books,Books
CUST0485,Books,Books
CUST0485,Books,Books
CUST0485,Books,Books
CUST0485,Books,Books
CUST0485,Books,Books
CUST0487,Books,Books
CUST0487,Books,Books
CUST0487,Books,Books
CUST0487,Books,Books
CUST0487,Books,Books
CUST0488,Home,Clothing
CUST0488,Home,Clothing
CUST0488,Home,Clothing
CUST0489,Home,Clothing
CUST0489,Home,Clothing
CUST0489,Home,Clothing
CUST0489,Home,Clothing
CUST0490,Clothing,Books
CUST0490,Clothing,Books
CUST0490,Clothing,Books
CUST0490,Clothing,Books
CUST0492,Books,Home
CUST0492,Books,Home
CUST0493,Electronics,Home
CUST0493,Electronics,Home
CUST0493,Electronics,Home
CUST0493,Electronics,Home
CUST0494,Home,Books
CUST0494,Home,Books
CUST0494,Home,Books
CUST0495,Electronics,Home
CUST0495,Electronics,Home
CUST0495,Electronics,Home
CUST0495,Electronics,Home
CUST0495,Electronics,Home
CUST0495,Electronics,Home
CUST0495,Electronics,Home
CUST0495,Electronics,Home
CUST0495,Electronics,Home
CUST0495,Electronics,Home
CUST0495,Electronics,Home
CUST0495,Electronics,Home
CUST0495,Electronics,Home
CUST0495,Electronics,Home
CUST0495,Electronics,Home
CUST0495,Electronics,Home
CUST0495,Electronics,Home
CUST0496,Electronics,Electronics
CUST0496,Electronics,Electronics
CUST0496,Electronics,Electronics
CUST0496,Electronics,Electronics
CUST0496,Electronics,Electronics
CUST0496,Electronics,Electronics
CUST0496,Electronics,Electronics
CUST0496,Electronics,Electronics
CUST0496,Electronics,Electronics
CUST0496,Electronics,Electronics
CUST0496,Electronics,Electronics
CUST0497,Clothing,Home
CUST0497,Clothing,Home
CUST0497,Clothing,Home
CUST0497,Clothing,Home
CUST0497,Clothing,Home
CUST0498,Electronics,Books
CUST0498,Electronics,Books
CUST0498,Electronics,Books
CUST0498,Electronics,Books
CUST0499,Clothing,Electronics
CUST0499,Clothing,Electronics
CUST0499,Clothing,Electronics
CUST0499,Clothing,Electronics
CUST0499,Clothing,Electronics
CUST0499,Clothing,Electronics
CUST0499,Clothing,Electronics
CUST0499,Clothing,Electronics
CUST0499,Clothing,Electronics
CUST0499,Clothing,Electronics
CUST0499,Clothing,Electronics
CUST0499,Clothing,Electronics
CUST0499,Clothing,Electronics
CUST0499,Clothing,Electronics
CUST0499,Clothing,Electronics
CUST0499,Clothing,Electronics
CUST0500,Home,Home
CUST0500,Home,Home
CUST0500,Home,Home
