order_id,customer_id,order_date,status,region_code
ORD00001,CUST0241,2026-03-18 15:29:19,SHIPPED,EAST
ORD00002,CUST0170,2026-01-16 10:54:34,DELIVERED,NORTH
ORD00003,,2026-06-09 11:15:20,DELIVERED,EAST
ORD00004,CUST0461,2025-08-21 13:30:07,DELIVERED,SOUTH
ORD00005,CUST0217,2025-09-16 03:42:42,DELIVERED,NORTH
ORD00006,CUST0288,2026-03-19 05:11:05,PLACED,NORTH
ORD00007,CUST0053,2025-07-01 01:54:08,DELIVERED,WEST
ORD00008,CUST0208,2026-05-03 17:13:22,DELIVERED,WEST
ORD00009,CUST0024,2026-02-17 01:42:39,PLACED,SOUTH
ORD00010,CUST0170,2026-05-28 01:26:23,DELIVERED,SOUTH
ORD00011,CUST0348,2026-05-07 01:43:23,DELIVERED,NORTH
ORD00012,CUST0023,2025-11-02 07:11:18,DELIVERED,NORTH
ORD00013,CUST0489,2026-06-08 01:58:37,DELIVERED,WEST
ORD00014,CUST0160,2026-04-19 21:04:41,DELIVERED,EAST
ORD00015,CUST0316,2026-05-13 13:27:22,DELIVERED,WEST
ORD00016,CUST0101,2025-12-22 02:57:09,DELIVERED,WEST
ORD00017,CUST0056,2025-07-07 02:54:25,DELIVERED,EAST
ORD00018,CUST0149,2026-06-05 15:58:31,DELIVERED,EAST
ORD00019,CUST0086,2025-12-31 09:39:12,DELIVERED,SOUTH
ORD00020,CUST0312,2026-04-16 17:43:31,PLACED,WEST
ORD00021,CUST0265,2026-05-22 03:33:21,DELIVERED,SOUTH
ORD00022,CUST0346,2026-04-02 09:57:06,DELIVERED,NORTH
ORD00023,CUST0325,2025-08-26 04:23:27,DELIVERED,NORTH
ORD00024,CUST0288,2026-03-22 23:31:40,DELIVERED,WEST
ORD00025,CUST0466,2025-10-22 11:53:17,DELIVERED,SOUTH
ORD00026,CUST0379,2026-05-25 04:36:01,CANCELLED,NORTH
ORD00027,CUST0326,2025-07-01 17:34:45,DELIVERED,WEST
ORD00028,CUST0256,2025-10-31 17:35:04,CANCELLED,NORTH
ORD00029,CUST0274,2025-12-17 18:42:02,DELIVERED,SOUTH
ORD00030,CUST0003,2025-09-11 20:05:23,DELIVERED,EAST
ORD00031,CUST0045,2025-12-19 02:16:23,DELIVERED,WEST
ORD00032,CUST0092,2026-04-26 00:34:10,DELIVERED,EAST
ORD00033,CUST0325,2025-09-02 15:05:50,DELIVERED,WEST
ORD00034,CUST0343,2026-06-04 16:40:03,DELIVERED,WEST
ORD00035,CUST0476,2026-04-23 22:44:17,PLACED,WEST
ORD00036,CUST0410,2025-10-07 11:17:23,DELIVERED,WEST
ORD00037,CUST0432,2025-09-24 23:01:47,DELIVERED,EAST
ORD00038,,2025-09-01 00:25:34,DELIVERED,NORTH
ORD00039,CUST0078,2025-11-16 21:50:49,SHIPPED,SOUTH
ORD00040,CUST0213,2026-02-08 17:10:15,DELIVERED,SOUTH
ORD00041,CUST0495,2025-08-09 13:07:37,DELIVERED,NORTH
ORD00042,CUST0411,15-04-2026,SHIPPED,SOUTH
ORD00043,CUST0227,28-02-2026,DELIVERED,SOUTH
ORD00044,CUST0089,2025-10-01 20:28:56,DELIVERED,NORTH
ORD00045,CUST0094,2026-06-14 01:37:13,DELIVERED,WEST
ORD00046,CUST0119,2025-11-25 10:19:07,PLACED,WEST
ORD00047,CUST0417,2026-02-14 13:47:15,DELIVERED,EAST
ORD00048,CUST0236,2026-01-26 10:01:10,RETURNED,SOUTH
ORD00049,CUST0096,2026-05-31 15:22:21,DELIVERED,NORTH
ORD00050,CUST0255,2026-06-07 04:48:41,SHIPPED,SOUTH
ORD00051,CUST0339,2025-10-30 02:47:48,DELIVERED,WEST
ORD00052,CUST0443,2026-03-20 01:47:34,DELIVERED,EAST
ORD00053,,2025-09-18 07:58:54,PLACED,WEST
ORD00054,CUST0208,15-04-2026,PLACED,EAST
ORD00055,CUST0461,2025-07-20 16:52:18,SHIPPED,SOUTH
ORD00056,CUST0477,2025-08-06 07:52:13,DELIVERED,EAST
ORD00057,CUST0035,2026-06-22 01:48:28,DELIVERED,SOUTH
ORD00058,CUST0028,2026-02-19 12:13:50,DELIVERED,WEST
ORD00059,CUST0161,2026-05-15 13:47:00,DELIVERED,SOUTH
ORD00060,CUST0268,2026-03-17 02:06:46,DELIVERED,EAST
ORD00061,CUST0434,2026-04-16 07:10:58,DELIVERED,WEST
ORD00062,CUST0058,2025-09-20 07:11:29,DELIVERED,EAST
ORD00063,CUST0389,2026-01-24 12:37:26,DELIVERED,SOUTH
ORD00064,CUST0256,2025-07-05 09:37:10,DELIVERED,EAST
ORD00065,CUST0246,2025-10-03 18:22:28,DELIVERED,NORTH
ORD00066,CUST0488,2025-09-26 05:51:49,DELIVERED,NORTH
ORD00067,,2025-07-22 09:58:52,DELIVERED,EAST
ORD00068,CUST0215,2025-12-11 05:24:45,DELIVERED,NORTH
ORD00069,CUST0096,2025-10-25 23:23:35,PLACED,SOUTH
ORD00070,CUST0221,2025-07-05 03:42:29,DELIVERED,SOUTH
ORD00071,CUST0111,2025-09-13 04:21:26,SHIPPED,EAST
ORD00072,CUST0404,2025-07-22 15:36:41,DELIVERED,NORTH
ORD00073,CUST0319,2025-09-26 23:29:54,SHIPPED,EAST
ORD00074,CUST0468,2025-09-13 10:49:08,DELIVERED,SOUTH
ORD00075,CUST0409,2025-11-23 09:49:02,DELIVERED,NORTH
ORD00076,CUST0073,2026-05-05 02:56:27,PLACED,NORTH
ORD00077,CUST0334,2025-08-04 04:42:46,SHIPPED,SOUTH
ORD00078,CUST0431,2026-02-08 21:13:31,DELIVERED,WEST
ORD00079,CUST0201,2026-01-17 19:10:58,DELIVERED,SOUTH
ORD00080,CUST0313,2026-06-21 17:54:15,DELIVERED,NORTH
ORD00081,CUST0116,2026-01-11 23:55:23,DELIVERED,EAST
ORD00082,CUST0278,2026-04-26 15:50:32,DELIVERED,EAST
ORD00083,CUST0081,2025-10-23 03:54:34,DELIVERED,SOUTH
ORD00084,,11-05-2026,DELIVERED,NORTH
ORD00085,CUST0231,2025-07-15 09:33:24,PLACED,NORTH
ORD00086,CUST0085,2026-04-07 14:35:10,DELIVERED,WEST
ORD00087,CUST0345,2025-12-26 10:02:54,SHIPPED,SOUTH
ORD00088,CUST0326,2025-09-12 23:50:44,PLACED,WEST
ORD00089,CUST0070,2026-03-02 15:40:18,PLACED,EAST
ORD00090,CUST0155,2025-07-23 07:01:19,DELIVERED,WEST
ORD00091,CUST0075,2025-07-14 22:04:25,DELIVERED,SOUTH
ORD00092,CUST0440,2026-06-06 16:52:59,PLACED,NORTH
ORD00093,CUST0096,2025-08-22 07:11:07,DELIVERED,WEST
ORD00094,CUST0233,2025-10-19 17:07:39,RETURNED,NORTH
ORD00095,CUST0228,2025-10-19 05:49:04,DELIVERED,SOUTH
ORD00096,CUST0427,2026-05-28 00:59:12,DELIVERED,EAST
ORD00097,CUST0136,2025-12-02 11:24:13,DELIVERED,NORTH
ORD00098,CUST0090,2025-08-03 20:08:01,DELIVERED,NORTH
ORD00099,CUST0390,2026-06-19 21:34:57,DELIVERED,WEST
ORD00100,CUST0109,2026-02-03 14:06:46,DELIVERED,EAST
ORD00101,CUST0174,2025-11-06 14:50:40,DELIVERED,WEST
ORD00102,CUST0260,2026-01-29 14:19:38,SHIPPED,NORTH
ORD00103,CUST0133,2026-06-18 16:32:40,DELIVERED,SOUTH
ORD00104,CUST0261,2025-10-26 08:14:10,DELIVERED,SOUTH
ORD00105,CUST0272,2026-06-03 07:10:52,CANCELLED,WEST
ORD00106,CUST0185,2026-06-14 08:09:33,DELIVERED,EAST
ORD00107,CUST0452,2026-02-25 01:22:31,DELIVERED,NORTH
ORD00108,CUST0059,2025-08-26 12:57:34,DELIVERED,SOUTH
ORD00109,CUST0399,2026-03-19 12:19:22,DELIVERED,EAST
ORD00110,CUST0102,2026-04-06 15:24:31,RETURNED,SOUTH
ORD00111,CUST0193,2025-10-04 07:26:46,DELIVERED,NORTH
ORD00112,CUST0041,2026-04-30 17:31:54,DELIVERED,NORTH
ORD00113,CUST0364,2026-05-22 00:50:24,DELIVERED,NORTH
ORD00114,CUST0190,2026-04-08 18:10:02,DELIVERED,EAST
ORD00115,CUST0344,2026-03-06 09:07:06,DELIVERED,NORTH
ORD00116,CUST0492,2026-01-08 16:57:32,DELIVERED,NORTH
ORD00117,CUST0335,2025-07-09 23:13:33,DELIVERED,SOUTH
ORD00118,CUST0076,2025-09-30 07:39:32,DELIVERED,EAST
ORD00119,CUST0174,2026-04-19 22:47:03,RETURNED,NORTH
ORD00120,CUST0499,2025-07-25 18:39:06,DELIVERED,EAST
ORD00121,CUST0070,2026-04-25 05:51:30,SHIPPED,SOUTH
ORD00122,CUST0128,2026-01-22 09:26:43,PLACED,EAST
ORD00123,CUST0265,2026-06-01 03:42:21,DELIVERED,SOUTH
ORD00124,CUST0151,21-01-2026,DELIVERED,SOUTH
ORD00125,CUST0253,2025-06-30 17:14:02,DELIVERED,SOUTH
ORD00126,,2026-01-14 04:45:53,DELIVERED,EAST
ORD00127,CUST0021,2025-08-27 21:01:22,DELIVERED,EAST
ORD00128,CUST0230,2025-10-15 19:32:26,DELIVERED,NORTH
ORD00129,CUST0348,2026-05-23 03:25:15,DELIVERED,SOUTH
ORD00130,CUST0168,2026-02-18 18:07:52,SHIPPED,WEST
ORD00131,CUST0194,2025-12-06 08:44:46,CANCELLED,EAST
ORD00132,,2026-05-13 15:42:24,DELIVERED,EAST
ORD00133,CUST0080,2026-03-26 16:13:53,DELIVERED,WEST
ORD00134,CUST0167,2025-10-18 05:47:12,DELIVERED,SOUTH
ORD00135,,2025-06-28 16:11:20,DELIVERED,NORTH
ORD00136,CUST0223,2026-02-09 09:12:17,DELIVERED,NORTH
ORD00137,CUST0134,2025-10-09 01:18:50,DELIVERED,NORTH
ORD00138,CUST0261,2026-03-19 04:24:41,DELIVERED,SOUTH
ORD00139,CUST0151,2025-07-22 13:31:33,DELIVERED,EAST
ORD00140,CUST0149,2025-11-12 03:08:59,DELIVERED,EAST
ORD00141,CUST0368,2026-05-14 13:37:08,DELIVERED,NORTH
ORD00142,CUST0487,2025-12-11 15:02:20,CANCELLED,WEST
ORD00143,CUST0401,2025-12-18 00:47:39,CANCELLED,EAST
ORD00144,CUST0428,2026-03-15 05:56:09,DELIVERED,NORTH
ORD00145,CUST0045,2026-04-03 05:55:08,DELIVERED,WEST
ORD00146,CUST0215,2026-04-20 18:42:14,SHIPPED,EAST
ORD00147,CUST0231,2025-12-16 11:03:12,CANCELLED,WEST
ORD00148,,2025-12-31 12:37:17,DELIVERED,NORTH
ORD00149,CUST0160,2025-10-19 20:04:00,DELIVERED,NORTH
ORD00150,CUST0165,2026-05-21 13:34:46,DELIVERED,WEST
ORD00151,,2025-10-11 17:35:18,DELIVERED,SOUTH
ORD00152,CUST0163,2026-06-06 06:00:04,DELIVERED,EAST
ORD00153,CUST0260,2026-05-20 16:17:09,DELIVERED,EAST
ORD00154,CUST0443,2026-03-31 06:47:20,DELIVERED,NORTH
ORD00155,CUST0119,2026-03-08 01:28:34,CANCELLED,EAST
ORD00156,CUST0130,2026-05-30 04:58:45,DELIVERED,WEST
ORD00157,CUST0244,2026-05-24 17:57:39,SHIPPED,NORTH
ORD00158,,2026-01-19 21:06:12,CANCELLED,EAST
ORD00159,CUST0210,2025-10-16 16:24:59,DELIVERED,NORTH
ORD00160,CUST0032,2026-03-07 03:59:19,SHIPPED,EAST
ORD00161,CUST0467,2026-04-03 00:32:08,DELIVERED,SOUTH
ORD00162,CUST0386,2026-01-20 23:32:28,DELIVERED,NORTH
ORD00163,CUST0182,2026-03-01 07:03:46,DELIVERED,SOUTH
ORD00164,CUST0497,2025-12-21 03:32:29,DELIVERED,WEST
ORD00165,CUST0314,2025-06-28 20:32:07,RETURNED,WEST
ORD00166,CUST0496,2025-08-20 07:28:52,DELIVERED,NORTH
ORD00167,,2026-03-26 18:25:28,DELIVERED,WEST
ORD00168,CUST0476,2026-04-26 04:20:10,DELIVERED,NORTH
ORD00169,CUST0076,2025-12-15 06:37:36,PLACED,SOUTH
ORD00170,CUST0444,2026-03-02 16:24:41,PLACED,SOUTH
ORD00171,CUST0351,2026-05-08 16:35:15,DELIVERED,SOUTH
ORD00172,CUST0398,2026-02-04 06:58:49,DELIVERED,WEST
ORD00173,CUST0193,14-08-2025,DELIVERED,SOUTH
ORD00174,CUST0050,2026-01-28 17:57:14,SHIPPED,WEST
ORD00175,CUST0454,2026-03-12 01:34:24,DELIVERED,NORTH
ORD00176,CUST0460,2026-05-22 00:58:09,PLACED,EAST
ORD00177,CUST0340,2025-11-25 22:44:49,DELIVERED,WEST
ORD00178,CUST0104,2025-07-10 08:42:03,DELIVERED,WEST
ORD00179,CUST0263,2025-09-21 19:47:56,DELIVERED,NORTH
ORD00180,CUST0437,2026-03-19 09:08:22,PLACED,WEST
ORD00181,CUST0187,2026-05-05 11:15:00,DELIVERED,NORTH
ORD00182,CUST0178,2026-04-17 06:21:53,PLACED,WEST
ORD00183,CUST0429,2025-08-26 04:40:52,CANCELLED,SOUTH
ORD00184,CUST0474,2026-03-02 02:38:08,DELIVERED,SOUTH
ORD00185,CUST0316,2025-12-17 04:57:16,DELIVERED,SOUTH
ORD00186,CUST0471,2026-01-29 06:53:21,DELIVERED,SOUTH
ORD00187,CUST0057,2025-11-16 01:29:20,DELIVERED,SOUTH
ORD00188,CUST0178,2025-11-18 21:46:07,PLACED,SOUTH
ORD00189,CUST0401,2025-08-23 15:59:32,DELIVERED,SOUTH
ORD00190,CUST0452,2025-09-08 07:46:25,PLACED,EAST
ORD00191,CUST0297,2026-05-16 12:57:53,DELIVERED,WEST
ORD00192,CUST0386,2026-06-02 10:43:55,DELIVERED,NORTH
ORD00193,CUST0102,2026-02-13 01:08:20,DELIVERED,WEST
ORD00194,CUST0435,2026-05-25 16:42:07,DELIVERED,NORTH
ORD00195,,2025-07-21 21:31:42,DELIVERED,EAST
ORD00196,CUST0423,2025-09-07 10:33:11,DELIVERED,WEST
ORD00197,CUST0474,2026-02-07 14:59:24,PLACED,WEST
ORD00198,CUST0453,2025-08-27 05:25:42,DELIVERED,EAST
ORD00199,CUST0248,2025-10-01 03:29:20,DELIVERED,SOUTH
ORD00200,CUST0020,2026-01-24 09:16:40,CANCELLED,NORTH
ORD00201,CUST0060,2026-04-05 20:28:39,DELIVERED,SOUTH
ORD00202,CUST0445,2026-06-20 04:06:41,DELIVERED,WEST
ORD00203,CUST0453,2025-10-23 16:19:49,PLACED,NORTH
ORD00204,CUST0008,2026-05-17 21:08:50,DELIVERED,WEST
ORD00205,CUST0249,2026-02-28 22:55:58,DELIVERED,SOUTH
ORD00206,CUST0008,2025-08-28 16:32:21,DELIVERED,WEST
ORD00207,CUST0056,2026-01-21 03:41:26,DELIVERED,NORTH
ORD00208,CUST0428,2026-02-04 17:39:51,DELIVERED,EAST
ORD00209,CUST0275,2025-07-23 19:45:10,DELIVERED,NORTH
ORD00210,CUST0116,13-05-2026,DELIVERED,WEST
ORD00211,,2025-07-21 17:01:10,PLACED,EAST
ORD00212,CUST0434,25-04-2026,DELIVERED,WEST
ORD00213,CUST0496,2025-08-02 09:58:33,DELIVERED,SOUTH
ORD00214,CUST0109,2025-09-25 06:20:29,RETURNED,NORTH
ORD00215,CUST0124,2025-10-18 08:52:56,DELIVERED,WEST
ORD00216,CUST0358,2025-07-07 10:04:01,DELIVERED,NORTH
ORD00217,CUST0156,2026-01-04 03:59:10,DELIVERED,SOUTH
ORD00218,,2026-01-17 16:05:02,DELIVERED,WEST
ORD00219,CUST0298,2026-03-20 00:01:13,DELIVERED,WEST
ORD00220,CUST0220,2025-12-21 07:37:13,DELIVERED,NORTH
ORD00221,CUST0405,2026-01-07 03:37:18,RETURNED,WEST
ORD00222,CUST0117,2025-06-29 02:09:12,DELIVERED,NORTH
ORD00223,CUST0465,2025-07-04 13:06:09,DELIVERED,WEST
ORD00224,CUST0340,2025-11-10 08:59:55,SHIPPED,EAST
ORD00225,CUST0443,2026-06-17 06:21:24,DELIVERED,SOUTH
ORD00226,CUST0155,2025-11-01 17:04:07,DELIVERED,EAST
ORD00227,CUST0464,30-07-2025,RETURNED,NORTH
ORD00228,CUST0302,2025-10-18 17:56:16,DELIVERED,EAST
ORD00229,CUST0043,2025-10-03 02:40:43,DELIVERED,WEST
ORD00230,CUST0232,2026-04-27 21:09:56,DELIVERED,WEST
ORD00231,CUST0328,2025-10-19 02:35:25,DELIVERED,WEST
ORD00232,CUST0194,2026-04-22 13:20:17,SHIPPED,SOUTH
ORD00233,CUST0076,2026-06-07 15:21:57,DELIVERED,WEST
ORD00234,CUST0105,2025-11-29 22:22:59,DELIVERED,WEST
ORD00235,CUST0031,2026-06-20 09:45:19,DELIVERED,SOUTH
ORD00236,CUST0214,2026-03-19 16:32:21,DELIVERED,NORTH
ORD00237,CUST0330,2026-03-13 04:33:37,DELIVERED,SOUTH
ORD00238,CUST0004,2026-01-08 19:04:09,SHIPPED,SOUTH
ORD00239,CUST0391,2025-08-21 10:06:51,PLACED,EAST
ORD00240,,2025-08-30 22:49:24,DELIVERED,NORTH
ORD00241,CUST0323,2025-09-05 00:57:00,CANCELLED,EAST
ORD00242,CUST0005,2026-02-05 23:42:27,DELIVERED,WEST
ORD00243,,2025-10-31 04:41:41,DELIVERED,WEST
ORD00244,CUST0168,2025-07-31 23:24:24,DELIVERED,EAST
ORD00245,CUST0079,2025-09-12 14:21:30,DELIVERED,EAST
ORD00246,CUST0359,2025-08-10 02:23:17,PLACED,NORTH
ORD00247,CUST0006,2026-03-28 08:57:15,SHIPPED,EAST
ORD00248,CUST0029,2025-11-20 01:43:05,DELIVERED,EAST
ORD00249,CUST0143,2025-11-01 13:00:26,PLACED,WEST
ORD00250,CUST0054,2025-12-03 13:42:43,DELIVERED,WEST
ORD00251,CUST0425,2026-02-10 19:53:15,PLACED,NORTH
ORD00252,CUST0293,2026-01-02 17:04:38,DELIVERED,NORTH
ORD00253,CUST0005,2025-11-19 16:42:14,DELIVERED,NORTH
ORD00254,CUST0206,2026-01-31 21:24:16,DELIVERED,SOUTH
ORD00255,CUST0104,2026-01-19 14:07:06,DELIVERED,SOUTH
ORD00256,CUST0405,2026-05-08 22:15:37,DELIVERED,WEST
ORD00257,CUST0490,2026-06-21 10:08:20,DELIVERED,EAST
ORD00258,CUST0480,18-01-2026,CANCELLED,WEST
ORD00259,CUST0017,2025-11-01 04:10:56,DELIVERED,SOUTH
ORD00260,CUST0421,2025-08-23 08:41:02,DELIVERED,NORTH
ORD00261,CUST0465,2025-11-07 21:39:41,CANCELLED,NORTH
ORD00262,CUST0217,2026-01-06 01:24:00,DELIVERED,EAST
ORD00263,CUST0136,2026-02-28 18:42:51,DELIVERED,WEST
ORD00264,CUST0041,2026-05-20 23:32:57,DELIVERED,SOUTH
ORD00265,CUST0205,17-05-2026,DELIVERED,NORTH
ORD00266,CUST0061,2026-04-29 01:50:11,DELIVERED,NORTH
ORD00267,CUST0159,2026-01-14 06:02:17,SHIPPED,NORTH
ORD00268,CUST0380,2025-10-25 14:09:44,DELIVERED,NORTH
ORD00269,CUST0128,2025-07-17 12:58:58,PLACED,WEST
ORD00270,CUST0008,2026-01-24 14:38:30,CANCELLED,SOUTH
ORD00271,CUST0303,2026-03-22 21:44:50,RETURNED,WEST
ORD00272,CUST0291,2025-07-22 04:24:48,DELIVERED,EAST
ORD00273,CUST0118,2026-06-08 02:24:51,DELIVERED,EAST
ORD00274,CUST0042,2025-12-02 15:48:30,DELIVERED,NORTH
ORD00275,CUST0250,2025-08-09 20:41:13,DELIVERED,EAST
ORD00276,CUST0234,2025-08-22 10:07:29,SHIPPED,SOUTH
ORD00277,CUST0394,2026-02-27 09:12:39,DELIVERED,WEST
ORD00278,CUST0122,2026-04-29 10:38:51,DELIVERED,SOUTH
ORD00279,CUST0057,02-04-2026,DELIVERED,NORTH
ORD00280,CUST0420,2025-08-30 10:17:16,RETURNED,EAST
ORD00281,CUST0350,2026-01-12 05:49:39,DELIVERED,WEST
ORD00282,CUST0420,2026-03-19 21:41:05,RETURNED,SOUTH
ORD00283,CUST0345,2025-09-24 18:21:11,DELIVERED,WEST
ORD00284,CUST0410,2026-03-25 00:11:15,PLACED,NORTH
ORD00285,CUST0020,2026-04-26 01:15:46,CANCELLED,EAST
ORD00286,CUST0232,2025-07-10 06:28:33,DELIVERED,WEST
ORD00287,CUST0353,2026-05-13 17:51:28,DELIVERED,EAST
ORD00288,CUST0146,2025-10-19 01:04:16,DELIVERED,NORTH
ORD00289,CUST0038,2026-06-07 08:05:22,DELIVERED,NORTH
ORD00290,CUST0349,2025-09-18 22:53:08,DELIVERED,WEST
ORD00291,CUST0024,2025-07-03 12:14:00,DELIVERED,SOUTH
ORD00292,CUST0397,2026-01-27 01:43:28,PLACED,NORTH
ORD00293,CUST0239,2026-02-06 04:19:27,DELIVERED,WEST
ORD00294,CUST0379,2025-08-16 09:56:00,DELIVERED,NORTH
ORD00295,CUST0161,2025-09-27 01:06:19,DELIVERED,SOUTH
ORD00296,CUST0287,2026-02-08 03:52:17,DELIVERED,EAST
ORD00297,CUST0145,2026-05-12 12:11:58,DELIVERED,EAST
ORD00298,CUST0199,2026-01-31 18:07:14,DELIVERED,NORTH
ORD00299,,2026-05-09 03:56:02,DELIVERED,SOUTH
ORD00300,CUST0420,2025-12-21 14:03:13,DELIVERED,SOUTH
ORD00301,CUST0191,2026-06-17 03:55:00,PLACED,EAST
ORD00302,CUST0417,2025-07-24 15:52:16,DELIVERED,WEST
ORD00303,CUST0043,04-01-2026,DELIVERED,EAST
ORD00304,CUST0226,2025-07-24 03:02:51,SHIPPED,EAST
ORD00305,CUST0093,2026-03-23 11:10:36,DELIVERED,WEST
ORD00306,CUST0440,2025-12-04 06:53:39,DELIVERED,SOUTH
ORD00307,CUST0258,2025-11-25 01:13:34,DELIVERED,NORTH
ORD00308,CUST0082,2026-03-11 22:59:57,DELIVERED,NORTH
ORD00309,CUST0438,2025-11-13 04:07:28,DELIVERED,EAST
ORD00310,CUST0253,2025-11-30 19:10:55,DELIVERED,WEST
ORD00311,CUST0108,2026-01-14 19:28:56,DELIVERED,WEST
ORD00312,CUST0088,2025-06-29 15:05:53,DELIVERED,SOUTH
ORD00313,CUST0037,2025-11-20 02:30:16,PLACED,WEST
ORD00314,CUST0454,2025-11-10 04:57:49,DELIVERED,NORTH
ORD00315,CUST0499,2026-05-23 00:40:13,DELIVERED,EAST
ORD00316,CUST0310,2025-07-22 20:15:58,CANCELLED,WEST
ORD00317,CUST0011,2026-05-12 04:22:15,DELIVERED,NORTH
ORD00318,CUST0034,2025-10-20 11:50:12,DELIVERED,SOUTH
ORD00319,CUST0027,2026-06-26 04:30:28,RETURNED,EAST
ORD00320,CUST0068,2025-09-21 03:18:18,DELIVERED,NORTH
ORD00321,CUST0045,2025-12-26 17:19:38,DELIVERED,EAST
ORD00322,CUST0199,2026-05-02 01:11:38,DELIVERED,SOUTH
ORD00323,CUST0133,2026-04-09 16:34:47,DELIVERED,WEST
ORD00324,CUST0261,2025-08-03 17:12:56,PLACED,WEST
ORD00325,CUST0464,2025-10-25 06:11:28,DELIVERED,EAST
ORD00326,CUST0144,2026-05-10 17:45:03,DELIVERED,WEST
ORD00327,CUST0185,2025-12-23 08:55:04,DELIVERED,WEST
ORD00328,CUST0409,2025-09-09 03:55:22,DELIVERED,EAST
ORD00329,CUST0414,2026-04-22 19:21:17,DELIVERED,EAST
ORD00330,CUST0207,2025-07-02 04:26:41,DELIVERED,WEST
ORD00331,CUST0249,2025-10-19 18:30:07,CANCELLED,WEST
ORD00332,CUST0163,2026-01-05 22:50:13,DELIVERED,SOUTH
ORD00333,CUST0385,2026-03-16 13:40:10,PLACED,EAST
ORD00334,CUST0015,2026-05-23 19:08:45,SHIPPED,SOUTH
ORD00335,CUST0285,2026-04-07 14:52:45,DELIVERED,SOUTH
ORD00336,CUST0319,2026-05-04 21:33:35,PLACED,NORTH
ORD00337,CUST0102,2026-05-11 09:55:33,DELIVERED,WEST
ORD00338,,2026-05-03 04:20:04,DELIVERED,WEST
ORD00339,CUST0251,2026-05-09 10:01:39,SHIPPED,NORTH
ORD00340,CUST0478,2026-02-20 08:26:31,DELIVERED,EAST
ORD00341,CUST0467,2025-07-01 17:43:58,DELIVERED,WEST
ORD00342,CUST0252,2026-05-26 01:57:24,DELIVERED,WEST
ORD00343,CUST0127,2026-04-16 14:29:44,DELIVERED,EAST
ORD00344,CUST0209,2026-04-02 10:25:55,RETURNED,SOUTH
ORD00345,CUST0292,2026-06-25 04:43:14,DELIVERED,WEST
ORD00346,CUST0343,2025-09-18 15:18:36,DELIVERED,EAST
ORD00347,CUST0424,2026-03-24 05:15:09,DELIVERED,WEST
ORD00348,CUST0482,2025-12-09 00:01:51,PLACED,WEST
ORD00349,CUST0151,2026-02-01 18:21:11,DELIVERED,WEST
ORD00350,CUST0126,2025-07-31 01:22:46,RETURNED,WEST
ORD00351,CUST0196,2025-12-18 20:04:55,DELIVERED,WEST
ORD00352,CUST0298,2025-12-07 03:35:24,DELIVERED,EAST
ORD00353,CUST0358,2026-01-23 11:59:04,DELIVERED,EAST
ORD00354,CUST0294,2025-11-06 07:02:20,DELIVERED,EAST
ORD00355,CUST0426,2025-09-24 02:27:17,RETURNED,NORTH
ORD00356,CUST0088,2025-07-23 16:59:03,DELIVERED,WEST
ORD00357,CUST0342,2025-12-19 01:55:01,SHIPPED,NORTH
ORD00358,CUST0080,11-05-2026,DELIVERED,EAST
ORD00359,CUST0485,2026-04-15 08:35:24,DELIVERED,NORTH
ORD00360,CUST0275,2026-05-01 12:32:31,DELIVERED,NORTH
ORD00361,CUST0453,2025-09-14 15:30:43,DELIVERED,SOUTH
ORD00362,CUST0193,2025-11-28 08:48:33,CANCELLED,SOUTH
ORD00363,CUST0101,2026-04-14 02:31:05,DELIVERED,EAST
ORD00364,CUST0262,2025-08-12 16:29:52,PLACED,EAST
ORD00365,CUST0148,2025-12-30 08:00:37,DELIVERED,WEST
ORD00366,CUST0216,2026-05-01 10:29:52,DELIVERED,WEST
ORD00367,CUST0027,2026-05-24 18:02:49,DELIVERED,EAST
ORD00368,CUST0243,2026-03-18 20:27:12,DELIVERED,EAST
ORD00369,CUST0313,2025-11-01 13:34:38,DELIVERED,NORTH
ORD00370,CUST0204,2025-12-04 17:54:00,DELIVERED,WEST
ORD00371,,2026-04-22 06:06:06,CANCELLED,WEST
ORD00372,CUST0382,2025-11-18 06:10:29,DELIVERED,WEST
ORD00373,CUST0143,2026-01-02 21:35:59,SHIPPED,SOUTH
ORD00374,CUST0404,2026-06-12 11:17:38,PLACED,NORTH
ORD00375,CUST0464,2025-12-05 21:35:24,DELIVERED,SOUTH
ORD00376,CUST0418,2026-03-11 00:30:24,PLACED,NORTH
ORD00377,CUST0214,2026-01-25 06:39:50,DELIVERED,EAST
ORD00378,CUST0103,2025-07-12 11:13:26,DELIVERED,WEST
ORD00379,CUST0438,2025-10-07 16:45:56,DELIVERED,NORTH
ORD00380,CUST0406,2025-11-16 05:12:19,DELIVERED,EAST
ORD00381,CUST0143,2026-03-17 02:03:04,DELIVERED,WEST
ORD00382,CUST0033,2026-01-15 10:14:34,DELIVERED,SOUTH
ORD00383,CUST0367,2025-09-08 17:50:07,CANCELLED,SOUTH
ORD00384,CUST0037,2026-06-05 15:57:09,CANCELLED,NORTH
ORD00385,CUST0320,2026-03-06 01:09:11,DELIVERED,EAST
ORD00386,CUST0258,2026-03-29 13:27:58,RETURNED,EAST
ORD00387,CUST0116,2025-11-19 14:25:17,DELIVERED,NORTH
ORD00388,CUST0278,2026-06-17 13:36:40,SHIPPED,EAST
ORD00389,CUST0079,2025-08-28 23:01:34,DELIVERED,WEST
ORD00390,CUST0429,2025-11-03 10:02:01,DELIVERED,SOUTH
ORD00391,CUST0263,2026-05-07 18:38:11,DELIVERED,WEST
ORD00392,CUST0119,2025-08-21 21:52:51,DELIVERED,SOUTH
ORD00393,,2025-08-24 11:35:12,DELIVERED,EAST
ORD00394,CUST0292,2025-09-28 20:53:41,DELIVERED,EAST
ORD00395,CUST0091,2026-03-20 02:53:12,DELIVERED,EAST
ORD00396,CUST0262,2025-10-14 04:14:15,DELIVERED,WEST
ORD00397,CUST0394,2026-04-25 00:02:56,DELIVERED,WEST
ORD00398,,2025-11-02 05:11:56,DELIVERED,EAST
ORD00399,CUST0153,2025-08-19 04:54:09,CANCELLED,EAST
ORD00400,CUST0126,2026-05-04 23:33:16,DELIVERED,EAST
ORD00401,CUST0386,2025-09-15 19:25:46,PLACED,EAST
ORD00402,CUST0101,2026-04-06 05:53:40,DELIVERED,WEST
ORD00403,CUST0006,2026-04-16 09:25:07,DELIVERED,WEST
ORD00404,CUST0453,2025-09-03 03:05:06,DELIVERED,NORTH
ORD00405,CUST0366,2025-09-13 06:10:20,DELIVERED,WEST
ORD00406,CUST0034,2025-08-14 22:07:03,DELIVERED,NORTH
ORD00407,CUST0435,2025-10-04 21:49:51,DELIVERED,SOUTH
ORD00408,CUST0477,2025-10-27 09:27:34,DELIVERED,NORTH
ORD00409,CUST0333,2026-01-17 18:05:42,PLACED,NORTH
ORD00410,CUST0174,2026-01-06 08:28:10,SHIPPED,SOUTH
ORD00411,CUST0031,2026-04-26 18:07:07,CANCELLED,NORTH
ORD00412,CUST0043,2025-09-21 09:05:09,DELIVERED,EAST
ORD00413,CUST0073,2025-08-29 15:01:25,DELIVERED,EAST
ORD00414,CUST0039,2026-01-12 22:48:57,DELIVERED,EAST
ORD00415,,2026-02-22 01:02:53,CANCELLED,WEST
ORD00416,CUST0224,2026-01-21 18:05:49,DELIVERED,NORTH
ORD00417,CUST0016,2026-06-19 09:13:41,DELIVERED,WEST
ORD00418,CUST0406,2025-12-08 23:53:08,SHIPPED,SOUTH
ORD00419,CUST0194,2025-12-02 14:07:06,DELIVERED,WEST
ORD00420,CUST0163,2026-02-21 02:08:58,DELIVERED,EAST
ORD00421,CUST0300,2026-04-28 06:36:23,CANCELLED,EAST
ORD00422,CUST0304,2026-04-26 22:24:29,DELIVERED,EAST
ORD00423,CUST0011,2025-07-20 08:27:23,DELIVERED,WEST
ORD00424,,04-01-2026,DELIVERED,SOUTH
ORD00425,,2025-07-09 16:47:55,RETURNED,SOUTH
ORD00426,CUST0448,2026-06-26 03:48:10,DELIVERED,SOUTH
ORD00427,CUST0421,2025-11-18 12:55:54,DELIVERED,NORTH
ORD00428,CUST0447,2026-05-27 09:17:01,CANCELLED,NORTH
ORD00429,CUST0286,2026-01-29 06:47:06,DELIVERED,SOUTH
ORD00430,CUST0485,2026-06-18 18:16:20,DELIVERED,SOUTH
ORD00431,CUST0444,2025-09-07 03:16:53,SHIPPED,SOUTH
ORD00432,CUST0273,2026-05-04 18:45:02,DELIVERED,NORTH
ORD00433,CUST0327,2025-08-04 09:04:48,DELIVERED,EAST
ORD00434,CUST0387,2025-12-03 10:15:50,DELIVERED,EAST
ORD00435,CUST0499,2026-05-26 05:59:46,SHIPPED,NORTH
ORD00436,CUST0280,2025-10-14 07:03:34,SHIPPED,NORTH
ORD00437,CUST0168,2026-04-24 21:15:17,SHIPPED,SOUTH
ORD00438,CUST0437,2025-10-03 20:47:03,PLACED,WEST
ORD00439,CUST0010,2026-06-06 07:50:24,DELIVERED,WEST
ORD00440,CUST0198,2025-12-21 23:33:47,DELIVERED,NORTH
ORD00441,CUST0459,2026-05-03 17:09:27,DELIVERED,SOUTH
ORD00442,CUST0145,2025-07-11 19:57:58,DELIVERED,NORTH
ORD00443,CUST0058,2026-02-12 21:31:49,DELIVERED,WEST
ORD00444,CUST0441,2026-05-30 00:57:29,DELIVERED,SOUTH
ORD00445,CUST0364,2025-11-23 22:26:05,PLACED,NORTH
ORD00446,CUST0051,2025-07-08 19:37:28,DELIVERED,NORTH
ORD00447,,2026-04-21 19:44:05,DELIVERED,NORTH
ORD00448,CUST0327,2025-09-29 08:35:35,PLACED,SOUTH
ORD00449,CUST0260,2025-08-16 15:08:08,DELIVERED,EAST
ORD00450,,2026-03-23 00:14:34,DELIVERED,NORTH
ORD00451,CUST0158,2026-02-03 04:22:09,DELIVERED,WEST
ORD00452,CUST0322,2025-11-12 13:26:22,RETURNED,NORTH
ORD00453,CUST0022,2026-04-11 15:10:02,SHIPPED,EAST
ORD00454,CUST0475,2026-05-20 12:42:25,DELIVERED,SOUTH
ORD00455,,2025-08-21 19:52:03,PLACED,EAST
ORD00456,CUST0079,2025-10-04 13:03:49,DELIVERED,EAST
ORD00457,CUST0185,2025-12-31 17:25:01,DELIVERED,NORTH
ORD00458,CUST0360,2025-12-28 16:28:07,DELIVERED,NORTH
ORD00459,CUST0093,2026-02-21 04:16:52,DELIVERED,SOUTH
ORD00460,CUST0068,2026-03-19 23:37:47,DELIVERED,SOUTH
ORD00461,CUST0096,2025-07-21 00:46:43,DELIVERED,EAST
ORD00462,CUST0391,2026-03-11 22:33:08,DELIVERED,WEST
ORD00463,CUST0172,2025-12-11 07:19:28,CANCELLED,WEST
ORD00464,CUST0212,2025-08-22 18:35:05,DELIVERED,SOUTH
ORD00465,CUST0126,2025-10-23 11:49:59,DELIVERED,NORTH
ORD00466,CUST0025,2026-05-04 11:27:43,RETURNED,WEST
ORD00467,CUST0432,2025-11-28 01:24:49,DELIVERED,SOUTH
ORD00468,CUST0498,2025-08-27 21:07:18,DELIVERED,EAST
ORD00469,CUST0421,2025-08-28 07:14:36,RETURNED,WEST
ORD00470,,29-06-2025,DELIVERED,EAST
ORD00471,CUST0495,2026-06-18 04:30:54,PLACED,EAST
ORD00472,CUST0239,2025-09-08 14:51:15,DELIVERED,SOUTH
ORD00473,CUST0339,2025-08-09 19:45:15,DELIVERED,EAST
ORD00474,CUST0476,2026-04-26 10:59:53,DELIVERED,NORTH
ORD00475,CUST0257,2026-01-29 21:27:14,DELIVERED,SOUTH
ORD00476,CUST0139,2026-04-01 05:55:02,DELIVERED,SOUTH
ORD00477,CUST0424,2026-05-09 08:49:09,CANCELLED,NORTH
ORD00478,CUST0321,2026-03-19 13:19:17,DELIVERED,WEST
ORD00479,,26-07-2025,DELIVERED,NORTH
ORD00480,CUST0379,2025-09-07 03:00:49,CANCELLED,NORTH
ORD00481,CUST0036,2025-12-30 18:52:03,DELIVERED,WEST
ORD00482,CUST0304,2025-09-03 17:14:40,CANCELLED,NORTH
ORD00483,CUST0184,17-12-2025,SHIPPED,EAST
ORD00484,CUST0227,2025-12-01 15:48:51,DELIVERED,SOUTH
ORD00485,CUST0439,2025-11-27 11:13:39,DELIVERED,NORTH
ORD00486,CUST0493,2025-11-02 18:08:24,PLACED,WEST
ORD00487,CUST0140,2025-11-14 10:08:21,DELIVERED,WEST
ORD00488,CUST0064,2025-07-12 15:06:48,PLACED,NORTH
ORD00489,CUST0353,2026-04-06 14:10:34,DELIVERED,NORTH
ORD00490,CUST0495,2026-06-27 00:30:58,DELIVERED,NORTH
ORD00491,CUST0263,2026-01-29 12:14:55,DELIVERED,NORTH
ORD00492,CUST0457,2025-09-18 08:56:30,PLACED,EAST
ORD00493,CUST0393,2026-02-10 11:44:42,DELIVERED,EAST
ORD00494,CUST0382,2026-03-11 07:57:19,SHIPPED,WEST
ORD00495,CUST0451,2026-01-19 06:05:30,DELIVERED,NORTH
ORD00496,CUST0254,2026-04-16 05:27:24,RETURNED,NORTH
ORD00497,CUST0252,2026-02-01 09:41:00,DELIVERED,NORTH
ORD00498,CUST0142,2026-02-10 18:46:39,DELIVERED,NORTH
ORD00499,CUST0217,2025-09-01 03:51:56,DELIVERED,NORTH
ORD00500,CUST0119,2025-09-03 03:36:15,DELIVERED,WEST
ORD00501,CUST0192,2025-08-30 05:50:38,SHIPPED,SOUTH
ORD00502,CUST0401,2025-12-04 01:40:07,DELIVERED,NORTH
ORD00503,CUST0455,2025-12-29 22:43:22,DELIVERED,SOUTH
ORD00504,CUST0252,2025-08-30 06:32:23,DELIVERED,NORTH
ORD00505,CUST0383,2026-05-18 11:58:30,DELIVERED,EAST
ORD00506,CUST0041,2025-11-06 23:31:45,PLACED,WEST
ORD00507,CUST0334,2026-02-11 18:29:20,DELIVERED,EAST
ORD00508,CUST0294,06-09-2025,SHIPPED,SOUTH
ORD00509,CUST0049,2026-01-19 11:25:19,DELIVERED,SOUTH
ORD00510,CUST0442,2026-04-23 15:50:13,SHIPPED,WEST
ORD00511,CUST0495,2025-12-06 02:20:38,SHIPPED,WEST
ORD00512,CUST0021,2026-05-20 17:44:42,DELIVERED,EAST
ORD00513,CUST0205,2025-11-01 16:49:06,DELIVERED,EAST
ORD00514,CUST0402,2026-05-29 19:43:35,DELIVERED,EAST
ORD00515,CUST0157,2026-03-01 12:04:33,DELIVERED,EAST
ORD00516,CUST0279,2025-11-09 12:36:41,CANCELLED,SOUTH
ORD00517,CUST0175,2025-10-12 19:57:43,DELIVERED,EAST
ORD00518,CUST0137,2026-06-02 20:31:09,DELIVERED,NORTH
ORD00519,,2025-08-29 14:37:28,DELIVERED,SOUTH
ORD00520,,2026-06-18 15:42:35,SHIPPED,WEST
ORD00521,CUST0328,2026-03-20 15:55:58,RETURNED,SOUTH
ORD00522,,2025-07-08 17:00:48,DELIVERED,WEST
ORD00523,CUST0143,2025-12-14 14:27:56,DELIVERED,NORTH
ORD00524,CUST0371,2025-08-13 06:14:25,DELIVERED,WEST
ORD00525,CUST0057,2026-04-29 21:34:40,DELIVERED,SOUTH
ORD00526,CUST0334,2025-07-16 16:18:10,DELIVERED,NORTH
ORD00527,CUST0103,2026-01-08 16:10:07,RETURNED,NORTH
ORD00528,CUST0362,2025-09-15 18:06:25,DELIVERED,SOUTH
ORD00529,CUST0309,2025-09-09 20:06:58,DELIVERED,EAST
ORD00530,CUST0482,2025-07-29 06:07:39,PLACED,NORTH
ORD00531,CUST0031,2026-01-24 04:50:34,DELIVERED,SOUTH
ORD00532,CUST0358,2026-02-21 14:12:16,DELIVERED,EAST
ORD00533,CUST0282,2025-08-11 12:01:26,DELIVERED,SOUTH
ORD00534,CUST0010,2025-12-03 13:38:23,DELIVERED,NORTH
ORD00535,CUST0074,2025-07-19 23:25:32,DELIVERED,SOUTH
ORD00536,CUST0185,2026-04-18 09:35:59,DELIVERED,EAST
ORD00537,CUST0325,2026-01-31 11:23:49,DELIVERED,SOUTH
ORD00538,CUST0239,2026-03-28 10:59:38,DELIVERED,NORTH
ORD00539,CUST0019,2025-07-02 06:34:43,DELIVERED,EAST
ORD00540,CUST0476,2025-09-11 11:55:20,DELIVERED,EAST
ORD00541,CUST0470,27-04-2026,DELIVERED,NORTH
ORD00542,,2026-01-14 11:19:24,DELIVERED,EAST
ORD00543,,2025-09-04 12:01:53,DELIVERED,SOUTH
ORD00544,CUST0079,2025-08-23 13:09:28,RETURNED,EAST
ORD00545,CUST0479,2025-10-08 01:18:02,CANCELLED,WEST
ORD00546,CUST0321,2025-07-14 21:45:47,PLACED,SOUTH
ORD00547,CUST0396,2025-07-27 17:18:11,DELIVERED,NORTH
ORD00548,CUST0470,2025-08-27 20:51:53,DELIVERED,EAST
ORD00549,CUST0007,2026-05-03 03:53:55,PLACED,EAST
ORD00550,CUST0370,2026-04-03 11:30:15,DELIVERED,WEST
ORD00551,CUST0186,2025-07-19 16:30:16,PLACED,EAST
ORD00552,CUST0498,2026-06-19 17:08:38,PLACED,WEST
ORD00553,CUST0045,2026-03-25 21:09:00,DELIVERED,EAST
ORD00554,CUST0313,2026-04-07 09:55:12,RETURNED,NORTH
ORD00555,CUST0247,2026-01-16 15:44:20,DELIVERED,SOUTH
ORD00556,CUST0282,2026-04-16 17:00:44,DELIVERED,EAST
ORD00557,CUST0008,2025-10-20 09:59:27,DELIVERED,WEST
ORD00558,CUST0450,2026-02-18 14:22:04,CANCELLED,NORTH
ORD00559,CUST0415,2025-08-17 10:46:17,DELIVERED,WEST
ORD00560,CUST0209,2026-06-13 17:18:53,DELIVERED,NORTH
ORD00561,CUST0476,2026-01-15 14:13:52,DELIVERED,SOUTH
ORD00562,CUST0010,2025-09-26 12:02:09,DELIVERED,NORTH
ORD00563,CUST0479,2025-09-17 03:45:02,SHIPPED,EAST
ORD00564,CUST0071,2025-10-09 23:27:28,SHIPPED,WEST
ORD00565,CUST0072,2026-03-20 00:59:54,DELIVERED,EAST
ORD00566,CUST0068,2025-08-29 22:15:12,DELIVERED,NORTH
ORD00567,CUST0461,2026-05-31 21:30:52,PLACED,WEST
ORD00568,CUST0042,2025-07-13 14:00:33,DELIVERED,WEST
ORD00569,CUST0040,2025-12-12 17:36:41,SHIPPED,WEST
ORD00570,CUST0495,2026-06-04 08:28:46,DELIVERED,WEST
ORD00571,CUST0359,28-04-2026,DELIVERED,NORTH
ORD00572,CUST0332,19-10-2025,DELIVERED,SOUTH
ORD00573,CUST0384,2025-12-06 18:06:24,PLACED,WEST
ORD00574,CUST0468,2025-07-04 10:59:37,CANCELLED,WEST
ORD00575,CUST0188,2026-03-19 22:39:34,DELIVERED,SOUTH
ORD00576,CUST0286,2026-03-30 21:26:44,RETURNED,WEST
ORD00577,CUST0474,2026-01-10 14:58:33,SHIPPED,SOUTH
ORD00578,CUST0200,2025-08-09 13:24:38,DELIVERED,WEST
ORD00579,CUST0482,2025-10-19 10:24:22,DELIVERED,EAST
ORD00580,CUST0032,2025-11-22 15:03:50,DELIVERED,EAST
ORD00581,CUST0414,2025-10-22 01:55:51,SHIPPED,WEST
ORD00582,CUST0157,2026-06-23 13:47:08,DELIVERED,NORTH
ORD00583,CUST0161,2025-11-05 05:29:09,DELIVERED,EAST
ORD00584,CUST0178,2025-08-11 21:57:39,DELIVERED,NORTH
ORD00585,CUST0032,2025-11-12 15:45:03,DELIVERED,WEST
ORD00586,CUST0246,2025-12-16 16:05:19,DELIVERED,NORTH
ORD00587,CUST0480,2026-03-30 20:58:14,DELIVERED,WEST
ORD00588,,2025-10-15 11:24:29,DELIVERED,SOUTH
ORD00589,CUST0062,2026-04-28 02:56:06,PLACED,SOUTH
ORD00590,CUST0150,2025-12-17 20:44:24,PLACED,WEST
ORD00591,CUST0385,2026-01-07 00:16:04,DELIVERED,WEST
ORD00592,CUST0106,2025-06-30 23:58:43,CANCELLED,EAST
ORD00593,CUST0177,2026-02-20 01:12:38,PLACED,EAST
ORD00594,CUST0367,2025-08-20 11:28:37,PLACED,NORTH
ORD00595,CUST0105,2025-09-04 03:29:10,DELIVERED,WEST
ORD00596,CUST0020,2026-04-09 06:30:51,DELIVERED,SOUTH
ORD00597,CUST0122,2025-11-18 19:24:37,DELIVERED,WEST
ORD00598,CUST0355,2026-06-12 17:22:04,DELIVERED,SOUTH
ORD00599,CUST0401,2026-01-16 00:08:55,DELIVERED,NORTH
ORD00600,CUST0119,2025-09-15 07:07:52,DELIVERED,WEST
ORD00601,CUST0249,2026-05-30 15:12:48,DELIVERED,WEST
ORD00602,CUST0253,2025-12-21 01:35:30,DELIVERED,WEST
ORD00603,CUST0340,2025-10-21 15:36:18,PLACED,WEST
ORD00604,CUST0394,2026-05-23 14:25:08,DELIVERED,NORTH
ORD00605,CUST0371,2025-06-28 07:41:27,DELIVERED,EAST
ORD00606,CUST0216,2026-02-08 03:37:21,PLACED,EAST
ORD00607,CUST0222,2025-11-04 18:29:33,CANCELLED,EAST
ORD00608,CUST0095,2026-01-01 04:33:57,RETURNED,EAST
ORD00609,CUST0114,2026-04-26 05:35:06,DELIVERED,WEST
ORD00610,,2026-05-09 10:58:35,SHIPPED,WEST
ORD00611,CUST0263,2025-08-04 08:42:22,DELIVERED,NORTH
ORD00612,CUST0143,2026-05-30 10:31:55,DELIVERED,SOUTH
ORD00613,CUST0279,2026-03-01 21:02:53,DELIVERED,EAST
ORD00614,,2026-03-15 04:43:37,PLACED,EAST
ORD00615,CUST0069,2025-11-08 03:32:54,DELIVERED,SOUTH
ORD00616,CUST0422,2026-01-13 13:03:43,RETURNED,NORTH
ORD00617,CUST0272,2025-10-15 04:56:44,DELIVERED,NORTH
ORD00618,CUST0485,2026-04-25 13:54:33,DELIVERED,SOUTH
ORD00619,CUST0115,2025-08-12 15:18:27,DELIVERED,SOUTH
ORD00620,CUST0322,2026-01-04 23:18:46,DELIVERED,EAST
ORD00621,CUST0104,2025-10-23 07:23:50,DELIVERED,WEST
ORD00622,CUST0224,2025-10-25 23:31:49,CANCELLED,WEST
ORD00623,CUST0374,2026-05-16 04:18:05,CANCELLED,NORTH
ORD00624,CUST0062,2025-07-28 08:52:32,PLACED,EAST
ORD00625,CUST0004,2026-01-06 20:22:33,DELIVERED,WEST
ORD00626,CUST0047,2026-05-26 23:24:57,DELIVERED,WEST
ORD00627,CUST0268,2026-02-10 14:26:55,DELIVERED,NORTH
ORD00628,CUST0338,2026-05-16 19:33:21,DELIVERED,EAST
ORD00629,CUST0381,2026-04-05 04:25:15,DELIVERED,SOUTH
ORD00630,CUST0361,2026-05-30 10:32:04,RETURNED,WEST
ORD00631,CUST0196,2026-01-15 13:55:15,DELIVERED,NORTH
ORD00632,CUST0203,2026-04-26 18:24:33,PLACED,NORTH
ORD00633,CUST0149,2026-03-04 07:34:22,DELIVERED,WEST
ORD00634,,2025-10-14 08:13:47,CANCELLED,SOUTH
ORD00635,CUST0186,2025-07-01 20:25:06,DELIVERED,WEST
ORD00636,CUST0401,2025-09-30 09:28:58,SHIPPED,EAST
ORD00637,CUST0389,2025-12-31 14:34:16,RETURNED,WEST
ORD00638,,2025-07-10 23:25:26,DELIVERED,SOUTH
ORD00639,CUST0187,2025-08-21 17:44:21,DELIVERED,NORTH
ORD00640,CUST0470,2025-09-28 06:23:17,DELIVERED,NORTH
ORD00641,CUST0190,2026-01-20 17:41:06,DELIVERED,EAST
ORD00642,CUST0250,2026-04-04 08:42:25,SHIPPED,SOUTH
ORD00643,CUST0478,18-08-2025,DELIVERED,EAST
ORD00644,,2025-12-19 15:18:26,DELIVERED,SOUTH
ORD00645,CUST0288,2026-06-22 13:52:05,DELIVERED,EAST
ORD00646,CUST0030,2025-12-06 07:30:25,DELIVERED,WEST
ORD00647,CUST0496,2025-10-17 18:23:49,DELIVERED,SOUTH
ORD00648,CUST0126,2026-05-30 12:42:35,DELIVERED,SOUTH
ORD00649,CUST0050,2025-07-17 02:55:01,PLACED,EAST
ORD00650,CUST0044,2025-09-06 21:20:41,DELIVERED,SOUTH
ORD00651,CUST0017,2026-05-24 19:02:12,CANCELLED,NORTH
ORD00652,CUST0356,2026-06-07 05:25:27,DELIVERED,NORTH
ORD00653,CUST0377,2025-12-26 19:39:16,DELIVERED,NORTH
ORD00654,CUST0250,2026-06-19 13:47:03,SHIPPED,EAST
ORD00655,CUST0294,2025-08-29 12:20:37,SHIPPED,WEST
ORD00656,CUST0310,2025-07-08 06:33:16,RETURNED,EAST
ORD00657,,2026-02-05 23:03:57,DELIVERED,SOUTH
ORD00658,CUST0030,2026-06-26 12:55:27,SHIPPED,SOUTH
ORD00659,CUST0331,22-04-2026,DELIVERED,WEST
ORD00660,CUST0342,2026-01-06 10:25:58,DELIVERED,SOUTH
ORD00661,CUST0120,2025-10-28 22:41:02,DELIVERED,NORTH
ORD00662,CUST0061,2026-02-22 06:14:35,PLACED,SOUTH
ORD00663,CUST0499,2026-01-22 09:07:57,PLACED,WEST
ORD00664,CUST0169,2026-03-14 23:45:28,DELIVERED,SOUTH
ORD00665,CUST0311,2025-08-14 04:37:18,DELIVERED,SOUTH
ORD00666,CUST0433,2025-08-29 02:33:41,CANCELLED,WEST
ORD00667,CUST0345,2026-04-07 02:17:26,DELIVERED,WEST
ORD00668,CUST0039,2026-03-12 22:07:24,SHIPPED,SOUTH
ORD00669,CUST0437,2025-10-28 18:03:00,DELIVERED,EAST
ORD00670,,2025-11-29 13:20:51,RETURNED,WEST
ORD00671,CUST0245,2025-07-13 10:36:07,RETURNED,SOUTH
ORD00672,CUST0300,2026-06-10 17:02:13,PLACED,SOUTH
ORD00673,CUST0108,24-10-2025,SHIPPED,WEST
ORD00674,CUST0432,2026-01-24 00:35:31,DELIVERED,SOUTH
ORD00675,CUST0391,2025-07-20 01:36:31,CANCELLED,EAST
ORD00676,CUST0101,2025-07-03 09:50:37,DELIVERED,NORTH
ORD00677,CUST0417,2025-12-09 20:33:22,DELIVERED,SOUTH
ORD00678,CUST0475,2026-05-29 07:54:28,DELIVERED,WEST
ORD00679,CUST0464,2026-02-04 19:35:16,DELIVERED,EAST
ORD00680,CUST0494,2025-07-03 05:40:45,DELIVERED,EAST
ORD00681,CUST0299,2026-04-13 01:31:18,DELIVERED,NORTH
ORD00682,CUST0325,2025-10-04 01:17:01,DELIVERED,EAST
ORD00683,CUST0144,2025-08-21 07:56:32,SHIPPED,EAST
ORD00684,CUST0043,2026-06-18 11:24:19,DELIVERED,WEST
ORD00685,CUST0167,2026-05-22 22:20:18,DELIVERED,WEST
ORD00686,CUST0235,2026-01-08 06:26:11,DELIVERED,NORTH
ORD00687,CUST0222,2025-10-17 10:31:14,DELIVERED,SOUTH
ORD00688,CUST0313,2026-03-20 06:52:05,DELIVERED,WEST
ORD00689,CUST0259,2025-09-13 11:59:32,PLACED,SOUTH
ORD00690,CUST0074,2026-02-17 11:39:08,DELIVERED,WEST
ORD00691,CUST0253,2026-06-11 13:54:59,DELIVERED,NORTH
ORD00692,CUST0115,2026-05-23 18:29:41,DELIVERED,WEST
ORD00693,CUST0427,2025-07-04 13:22:37,DELIVERED,SOUTH
ORD00694,CUST0489,2026-03-26 17:29:54,DELIVERED,WEST
ORD00695,CUST0359,2025-08-30 13:08:48,CANCELLED,WEST
ORD00696,CUST0328,2026-01-11 18:10:53,SHIPPED,WEST
ORD00697,CUST0281,2025-12-05 06:18:07,DELIVERED,SOUTH
ORD00698,CUST0406,2025-08-04 17:07:28,DELIVERED,WEST
ORD00699,CUST0140,2026-06-01 11:06:29,DELIVERED,SOUTH
ORD00700,CUST0043,2025-08-06 08:26:33,DELIVERED,SOUTH
ORD00701,CUST0106,2025-06-29 02:19:17,DELIVERED,SOUTH
ORD00702,CUST0033,2025-09-11 14:20:01,DELIVERED,WEST
ORD00703,CUST0036,2025-08-20 21:59:48,CANCELLED,EAST
ORD00704,CUST0099,2025-12-26 16:28:13,DELIVERED,WEST
ORD00705,CUST0224,2025-08-10 06:55:01,CANCELLED,NORTH
ORD00706,,2026-05-07 08:18:37,DELIVERED,EAST
ORD00707,CUST0377,2025-08-20 02:03:40,DELIVERED,NORTH
ORD00708,CUST0399,2025-10-05 22:32:17,SHIPPED,NORTH
ORD00709,CUST0390,2026-04-13 12:54:18,DELIVERED,EAST
ORD00710,CUST0296,2025-10-07 14:28:25,DELIVERED,SOUTH
ORD00711,CUST0223,2026-03-23 18:29:03,DELIVERED,NORTH
ORD00712,CUST0060,2025-07-06 02:16:09,DELIVERED,WEST
ORD00713,CUST0371,2025-12-26 16:28:35,DELIVERED,WEST
ORD00714,CUST0355,2026-01-23 14:54:32,DELIVERED,NORTH
ORD00715,CUST0383,2026-06-20 06:53:43,PLACED,EAST
ORD00716,CUST0482,2026-04-16 15:00:20,DELIVERED,NORTH
ORD00717,CUST0197,2025-07-10 03:53:31,DELIVERED,EAST
ORD00718,CUST0007,2025-12-30 14:01:34,RETURNED,SOUTH
ORD00719,CUST0258,2026-01-01 11:44:13,DELIVERED,EAST
ORD00720,CUST0384,2026-04-08 04:49:14,DELIVERED,NORTH
ORD00721,CUST0283,2026-06-17 17:46:32,CANCELLED,SOUTH
ORD00722,CUST0317,2025-07-29 08:53:31,DELIVERED,EAST
ORD00723,CUST0229,2026-04-23 00:42:20,DELIVERED,WEST
ORD00724,CUST0468,2025-09-21 06:56:19,DELIVERED,WEST
ORD00725,CUST0372,2025-10-30 07:23:59,DELIVERED,WEST
ORD00726,CUST0230,2026-01-28 10:25:31,DELIVERED,WEST
ORD00727,CUST0218,2026-02-27 00:59:41,DELIVERED,SOUTH
ORD00728,CUST0376,2025-08-24 02:02:05,DELIVERED,EAST
ORD00729,CUST0006,2026-03-15 04:18:03,DELIVERED,WEST
ORD00730,CUST0350,2025-12-30 19:06:49,DELIVERED,EAST
ORD00731,CUST0135,2026-05-19 06:31:41,DELIVERED,WEST
ORD00732,CUST0376,2026-03-16 08:59:06,DELIVERED,WEST
ORD00733,CUST0301,2026-02-13 14:58:03,DELIVERED,WEST
ORD00734,CUST0165,2025-07-07 14:41:53,DELIVERED,WEST
ORD00735,CUST0181,2025-12-13 04:51:12,DELIVERED,SOUTH
ORD00736,CUST0293,2025-09-01 01:33:24,DELIVERED,SOUTH
ORD00737,CUST0292,2026-04-26 05:40:47,DELIVERED,WEST
ORD00738,CUST0122,2025-12-25 16:40:58,DELIVERED,NORTH
ORD00739,CUST0287,2026-04-01 06:24:59,DELIVERED,WEST
ORD00740,CUST0394,2025-07-19 03:16:29,DELIVERED,SOUTH
ORD00741,CUST0140,2025-08-30 22:31:11,DELIVERED,SOUTH
ORD00742,CUST0110,2025-11-29 12:14:40,DELIVERED,NORTH
ORD00743,CUST0269,2025-08-26 01:51:36,DELIVERED,NORTH
ORD00744,CUST0500,2026-05-26 17:57:40,DELIVERED,EAST
ORD00745,CUST0066,2026-05-22 04:04:16,DELIVERED,EAST
ORD00746,CUST0496,2025-11-26 22:22:41,CANCELLED,SOUTH
ORD00747,CUST0405,2026-04-18 21:25:58,DELIVERED,WEST
ORD00748,CUST0205,2025-07-20 15:06:09,PLACED,EAST
ORD00749,CUST0006,2025-07-07 14:48:57,DELIVERED,SOUTH
ORD00750,CUST0027,2025-08-04 02:27:36,DELIVERED,NORTH
ORD00751,CUST0051,2025-12-22 04:56:11,PLACED,WEST
ORD00752,CUST0077,2025-08-07 06:57:38,RETURNED,EAST
ORD00753,CUST0172,2025-08-09 10:26:38,DELIVERED,SOUTH
ORD00754,CUST0073,2025-12-26 03:39:32,DELIVERED,EAST
ORD00755,CUST0447,2025-07-20 12:14:22,DELIVERED,WEST
ORD00756,CUST0122,2025-11-11 17:47:12,DELIVERED,NORTH
ORD00757,CUST0059,2026-05-22 01:58:17,DELIVERED,SOUTH
ORD00758,CUST0255,2025-07-30 20:55:43,RETURNED,SOUTH
ORD00759,CUST0351,2025-09-14 16:39:41,DELIVERED,NORTH
ORD00760,CUST0299,2025-09-06 22:50:56,RETURNED,WEST
ORD00761,CUST0335,2025-10-04 02:19:17,DELIVERED,NORTH
ORD00762,CUST0079,2025-10-21 22:04:51,DELIVERED,NORTH
ORD00763,CUST0257,2026-06-11 07:04:04,DELIVERED,WEST
ORD00764,CUST0186,2025-07-12 13:51:52,CANCELLED,EAST
ORD00765,CUST0093,01-07-2025,DELIVERED,EAST
ORD00766,CUST0209,2025-07-17 18:14:38,PLACED,SOUTH
ORD00767,CUST0467,2025-11-29 09:05:27,CANCELLED,WEST
ORD00768,CUST0456,2026-06-11 04:47:12,PLACED,SOUTH
ORD00769,CUST0049,2025-10-23 01:05:40,DELIVERED,NORTH
ORD00770,CUST0261,2026-01-06 07:20:36,DELIVERED,SOUTH
ORD00771,CUST0040,2025-07-20 03:02:45,DELIVERED,WEST
ORD00772,CUST0177,2025-07-19 23:36:46,DELIVERED,EAST
ORD00773,CUST0156,2026-01-29 10:57:42,DELIVERED,NORTH
ORD00774,CUST0193,2026-02-08 16:59:05,DELIVERED,SOUTH
ORD00775,CUST0208,2025-10-16 02:47:38,RETURNED,EAST
ORD00776,CUST0326,2025-09-21 02:35:13,DELIVERED,WEST
ORD00777,CUST0295,2026-05-02 08:36:44,PLACED,EAST
ORD00778,CUST0094,2026-02-10 07:19:10,DELIVERED,SOUTH
ORD00779,CUST0336,2025-12-01 14:15:59,PLACED,NORTH
ORD00780,CUST0228,2026-03-09 00:02:45,DELIVERED,WEST
ORD00781,CUST0372,2025-10-03 06:38:06,DELIVERED,NORTH
ORD00782,CUST0377,2025-07-28 14:47:46,DELIVERED,WEST
ORD00783,CUST0246,30-08-2025,SHIPPED,NORTH
ORD00784,CUST0138,2025-11-14 19:02:09,DELIVERED,NORTH
ORD00785,CUST0071,2026-04-02 17:56:52,PLACED,NORTH
ORD00786,CUST0482,2025-12-22 18:34:33,RETURNED,SOUTH
ORD00787,CUST0169,2025-07-14 00:02:42,DELIVERED,WEST
ORD00788,CUST0179,2026-03-17 04:47:14,SHIPPED,WEST
ORD00789,CUST0132,2026-05-23 03:07:11,DELIVERED,WEST
ORD00790,CUST0007,2026-03-01 12:00:22,DELIVERED,WEST
ORD00791,CUST0330,2025-10-13 08:47:03,RETURNED,EAST
ORD00792,CUST0055,2025-10-09 15:19:16,DELIVERED,SOUTH
ORD00793,CUST0151,2025-11-12 07:35:52,DELIVERED,EAST
ORD00794,CUST0423,2026-03-26 16:21:08,DELIVERED,SOUTH
ORD00795,CUST0154,2025-08-12 19:23:21,DELIVERED,WEST
ORD00796,CUST0387,2025-08-12 18:52:38,SHIPPED,WEST
ORD00797,CUST0461,2026-05-07 09:58:18,DELIVERED,WEST
ORD00798,CUST0228,2025-11-16 04:43:08,DELIVERED,SOUTH
ORD00799,CUST0024,2026-01-22 12:40:52,DELIVERED,WEST
ORD00800,CUST0337,2025-09-19 17:09:55,SHIPPED,NORTH
ORD00801,CUST0208,2025-09-16 08:19:56,DELIVERED,SOUTH
ORD00802,CUST0031,2025-07-01 02:57:09,DELIVERED,WEST
ORD00803,CUST0499,2025-10-01 11:30:26,DELIVERED,NORTH
ORD00804,CUST0436,2025-11-18 02:01:37,DELIVERED,WEST
ORD00805,CUST0357,2025-07-30 22:03:27,DELIVERED,NORTH
ORD00806,,2025-07-12 18:13:36,CANCELLED,WEST
ORD00807,CUST0083,2026-04-28 16:04:23,DELIVERED,NORTH
ORD00808,CUST0201,2026-05-12 01:00:52,DELIVERED,EAST
ORD00809,CUST0455,2025-07-30 04:45:20,DELIVERED,WEST
ORD00810,CUST0088,2025-11-08 10:58:09,DELIVERED,EAST
ORD00811,CUST0061,2025-11-06 09:59:19,DELIVERED,SOUTH
ORD00812,CUST0412,2025-11-21 18:57:20,SHIPPED,SOUTH
ORD00813,CUST0477,2025-09-12 05:09:55,DELIVERED,EAST
ORD00814,CUST0120,2025-11-30 11:31:51,PLACED,WEST
ORD00815,CUST0422,2025-10-17 22:44:58,DELIVERED,WEST
ORD00816,CUST0451,2026-03-19 07:53:37,RETURNED,SOUTH
ORD00817,CUST0099,2026-01-30 19:37:59,DELIVERED,SOUTH
ORD00818,CUST0364,2025-07-31 09:33:12,PLACED,EAST
ORD00819,CUST0228,2026-02-13 23:36:17,DELIVERED,WEST
ORD00820,CUST0098,2025-12-27 18:22:12,DELIVERED,NORTH
ORD00821,CUST0011,2026-05-30 20:27:41,SHIPPED,WEST
ORD00822,CUST0111,2026-02-02 18:12:01,DELIVERED,WEST
ORD00823,CUST0271,2026-05-15 07:02:11,PLACED,NORTH
ORD00824,CUST0137,2025-12-16 11:14:31,DELIVERED,WEST
ORD00825,CUST0395,2026-03-14 05:18:38,SHIPPED,NORTH
ORD00826,CUST0115,2026-03-06 15:29:37,DELIVERED,WEST
ORD00827,CUST0416,2026-03-24 12:14:39,DELIVERED,WEST
ORD00828,CUST0431,2025-12-14 18:17:08,DELIVERED,EAST
ORD00829,CUST0286,2026-06-11 15:22:24,DELIVERED,WEST
ORD00830,CUST0462,2026-06-03 14:09:35,RETURNED,SOUTH
ORD00831,CUST0165,2026-05-18 12:09:32,SHIPPED,NORTH
ORD00832,CUST0344,2025-12-02 12:42:01,DELIVERED,EAST
ORD00833,CUST0278,2025-12-23 01:09:34,DELIVERED,NORTH
ORD00834,CUST0495,2025-08-28 22:23:33,DELIVERED,WEST
ORD00835,CUST0435,2026-03-25 05:29:22,SHIPPED,NORTH
ORD00836,CUST0019,2025-12-22 03:23:10,DELIVERED,NORTH
ORD00837,CUST0451,2025-11-09 20:05:19,DELIVERED,EAST
ORD00838,CUST0235,2025-11-10 05:40:26,DELIVERED,SOUTH
ORD00839,CUST0274,2026-03-22 19:53:18,PLACED,SOUTH
ORD00840,CUST0168,2025-11-13 16:44:26,PLACED,NORTH
ORD00841,CUST0258,2025-10-01 22:10:55,PLACED,EAST
ORD00842,CUST0083,2026-02-06 13:04:01,DELIVERED,WEST
ORD00843,CUST0273,2025-09-14 23:00:54,DELIVERED,EAST
ORD00844,CUST0117,2026-05-09 03:45:35,DELIVERED,NORTH
ORD00845,CUST0058,2025-07-17 01:03:13,DELIVERED,NORTH
ORD00846,CUST0445,22-04-2026,SHIPPED,SOUTH
ORD00847,CUST0078,05-08-2025,DELIVERED,EAST
ORD00848,CUST0337,2026-02-08 01:33:43,DELIVERED,EAST
ORD00849,CUST0432,2026-01-25 23:16:57,DELIVERED,SOUTH
ORD00850,CUST0292,2025-07-27 18:46:59,DELIVERED,NORTH
ORD00851,CUST0103,2026-03-17 09:58:42,DELIVERED,WEST
ORD00852,CUST0473,2025-12-06 19:33:17,PLACED,SOUTH
ORD00853,CUST0109,2025-07-27 20:14:47,RETURNED,SOUTH
ORD00854,CUST0475,2025-12-09 07:45:14,DELIVERED,WEST
ORD00855,CUST0315,2025-10-06 06:29:00,DELIVERED,EAST
ORD00856,CUST0279,2026-03-06 07:27:08,DELIVERED,NORTH
ORD00857,CUST0370,2026-02-26 17:30:35,PLACED,WEST
ORD00858,CUST0338,2026-02-08 20:14:34,PLACED,SOUTH
ORD00859,CUST0004,2026-06-02 15:31:26,DELIVERED,WEST
ORD00860,CUST0052,2026-04-15 00:26:09,PLACED,SOUTH
ORD00861,CUST0087,2026-06-24 14:55:13,DELIVERED,WEST
ORD00862,CUST0272,2026-02-14 07:02:54,DELIVERED,SOUTH
ORD00863,,2026-03-30 06:58:17,DELIVERED,EAST
ORD00864,,2026-02-17 02:02:32,DELIVERED,NORTH
ORD00865,CUST0114,2026-03-22 22:58:23,DELIVERED,WEST
ORD00866,CUST0403,2026-04-14 21:37:41,DELIVERED,EAST
ORD00867,CUST0061,2025-09-23 23:02:22,SHIPPED,WEST
ORD00868,CUST0309,2025-10-25 18:39:13,DELIVERED,SOUTH
ORD00869,CUST0353,2026-03-13 05:42:59,DELIVERED,WEST
ORD00870,CUST0142,2025-11-22 16:08:20,DELIVERED,EAST
ORD00871,CUST0078,2026-06-26 06:35:21,DELIVERED,NORTH
ORD00872,,2026-06-12 09:44:33,DELIVERED,WEST
ORD00873,CUST0128,2025-09-29 10:35:57,DELIVERED,NORTH
ORD00874,CUST0263,2025-12-14 12:56:16,DELIVERED,EAST
ORD00875,CUST0417,2026-06-09 23:17:51,RETURNED,NORTH
ORD00876,CUST0410,2026-04-11 16:51:50,SHIPPED,SOUTH
ORD00877,CUST0278,2026-06-06 14:00:56,DELIVERED,WEST
ORD00878,CUST0217,2026-03-06 21:24:05,DELIVERED,NORTH
ORD00879,CUST0280,2026-01-05 22:07:29,DELIVERED,WEST
ORD00880,CUST0294,2026-02-15 07:44:07,DELIVERED,EAST
ORD00881,CUST0258,2026-02-24 07:24:28,SHIPPED,NORTH
ORD00882,CUST0228,2025-09-07 12:39:47,PLACED,WEST
ORD00883,CUST0009,2026-03-11 18:56:10,DELIVERED,WEST
ORD00884,CUST0071,2025-07-18 12:38:46,RETURNED,WEST
ORD00885,CUST0376,2026-01-05 23:04:55,DELIVERED,SOUTH
ORD00886,CUST0305,2025-11-04 04:26:33,DELIVERED,NORTH
ORD00887,CUST0477,2026-02-23 20:36:55,DELIVERED,WEST
ORD00888,CUST0010,2026-05-03 08:47:19,PLACED,WEST
ORD00889,CUST0287,2025-07-27 01:54:25,PLACED,WEST
ORD00890,CUST0388,2025-09-10 06:03:58,SHIPPED,NORTH
ORD00891,CUST0057,2025-11-06 12:50:53,DELIVERED,WEST
ORD00892,CUST0208,2025-10-25 16:42:33,DELIVERED,EAST
ORD00893,CUST0063,2025-12-06 00:32:30,DELIVERED,EAST
ORD00894,CUST0313,2026-04-18 12:04:24,SHIPPED,SOUTH
ORD00895,,2025-09-12 16:04:34,DELIVERED,NORTH
ORD00896,CUST0220,2026-02-14 21:16:52,DELIVERED,WEST
ORD00897,CUST0137,2026-06-25 15:10:56,PLACED,SOUTH
ORD00898,,2025-08-19 02:24:49,DELIVERED,EAST
ORD00899,CUST0312,2025-12-24 04:20:02,DELIVERED,NORTH
ORD00900,CUST0147,2025-10-05 13:12:09,DELIVERED,SOUTH
ORD00901,CUST0428,2026-04-10 03:09:19,DELIVERED,WEST
ORD00902,CUST0117,2025-09-11 05:11:13,CANCELLED,SOUTH
ORD00903,CUST0179,2026-02-11 14:39:02,DELIVERED,WEST
ORD00904,CUST0254,2025-09-27 10:12:36,SHIPPED,WEST
ORD00905,CUST0059,2025-11-10 00:45:50,DELIVERED,SOUTH
ORD00906,CUST0354,2026-05-21 17:09:57,DELIVERED,EAST
ORD00907,,2025-12-30 02:27:00,PLACED,WEST
ORD00908,CUST0023,2026-06-10 19:49:10,SHIPPED,WEST
ORD00909,CUST0265,2025-11-18 20:58:30,DELIVERED,WEST
ORD00910,CUST0106,2026-05-07 19:28:23,DELIVERED,NORTH
ORD00911,CUST0006,2026-03-14 11:10:22,DELIVERED,EAST
ORD00912,CUST0142,2025-08-10 00:49:33,DELIVERED,SOUTH
ORD00913,CUST0304,2025-08-15 23:59:18,SHIPPED,SOUTH
ORD00914,CUST0127,2025-08-04 12:16:14,PLACED,SOUTH
ORD00915,CUST0011,2026-03-26 05:21:26,DELIVERED,SOUTH
ORD00916,CUST0317,2025-08-30 23:14:27,SHIPPED,NORTH
ORD00917,CUST0348,2026-04-04 17:54:32,PLACED,WEST
ORD00918,CUST0147,2025-08-30 18:40:24,DELIVERED,EAST
ORD00919,CUST0180,2025-09-03 22:49:51,DELIVERED,NORTH
ORD00920,CUST0436,2025-10-02 13:02:25,DELIVERED,WEST
ORD00921,CUST0181,24-02-2026,DELIVERED,NORTH
ORD00922,CUST0227,2025-12-07 07:08:44,DELIVERED,EAST
ORD00923,CUST0189,2026-04-20 21:19:20,PLACED,WEST
ORD00924,CUST0332,2026-01-03 00:36:45,PLACED,EAST
ORD00925,CUST0423,2025-11-07 02:35:16,DELIVERED,EAST
ORD00926,CUST0219,2026-02-04 23:09:30,DELIVERED,NORTH
ORD00927,CUST0456,2025-09-27 11:16:01,DELIVERED,SOUTH
ORD00928,CUST0111,2026-01-22 01:55:31,DELIVERED,SOUTH
ORD00929,CUST0010,2025-07-02 15:04:00,PLACED,WEST
ORD00930,CUST0174,2026-03-21 07:42:25,DELIVERED,NORTH
ORD00931,CUST0008,2025-11-08 16:55:36,PLACED,NORTH
ORD00932,CUST0392,2025-09-05 12:48:03,DELIVERED,NORTH
ORD00933,CUST0204,2025-08-31 09:46:01,DELIVERED,EAST
ORD00934,CUST0286,2025-09-13 08:51:46,DELIVERED,WEST
ORD00935,CUST0228,2025-07-01 04:14:48,SHIPPED,EAST
ORD00936,CUST0365,2026-05-10 00:47:47,DELIVERED,SOUTH
ORD00937,CUST0013,2025-10-19 00:02:31,DELIVERED,WEST
ORD00938,CUST0416,2025-08-15 09:54:13,SHIPPED,EAST
ORD00939,CUST0119,2025-12-05 16:30:16,DELIVERED,WEST
ORD00940,CUST0352,2026-03-11 20:46:22,DELIVERED,WEST
ORD00941,CUST0370,2026-05-28 10:18:36,DELIVERED,WEST
ORD00942,CUST0219,2025-07-26 14:51:14,DELIVERED,EAST
ORD00943,CUST0086,2026-06-13 02:48:38,DELIVERED,SOUTH
ORD00944,CUST0001,2025-07-29 07:27:39,DELIVERED,EAST
ORD00945,CUST0405,2026-03-17 10:11:58,DELIVERED,WEST
ORD00946,CUST0454,2025-09-27 15:07:04,DELIVERED,SOUTH
ORD00947,CUST0090,2025-07-28 05:58:53,DELIVERED,NORTH
ORD00948,CUST0346,2025-09-28 05:03:56,DELIVERED,SOUTH
ORD00949,CUST0493,2025-10-03 13:56:24,CANCELLED,WEST
ORD00950,CUST0414,2025-12-21 13:20:01,DELIVERED,NORTH
ORD00951,CUST0458,2026-01-29 15:06:17,CANCELLED,SOUTH
ORD00952,CUST0327,2026-05-24 07:32:51,DELIVERED,WEST
ORD00953,CUST0219,2026-01-21 01:14:57,DELIVERED,WEST
ORD00954,CUST0386,2025-08-21 13:22:41,DELIVERED,WEST
ORD00955,CUST0349,2025-12-31 16:46:41,DELIVERED,WEST
ORD00956,CUST0391,2026-03-18 09:36:53,DELIVERED,WEST
ORD00957,CUST0355,2026-05-13 22:52:41,DELIVERED,WEST
ORD00958,CUST0011,26-01-2026,DELIVERED,NORTH
ORD00959,CUST0006,2026-05-23 14:24:06,SHIPPED,WEST
ORD00960,CUST0118,2026-03-19 04:02:14,RETURNED,NORTH
ORD00961,CUST0070,2025-10-15 04:06:08,DELIVERED,NORTH
ORD00962,CUST0332,2026-01-04 10:38:12,DELIVERED,SOUTH
ORD00963,CUST0006,2025-09-13 08:10:25,SHIPPED,NORTH
ORD00964,CUST0161,2026-03-24 00:49:58,DELIVERED,NORTH
ORD00965,CUST0283,2025-08-13 07:35:00,DELIVERED,SOUTH
ORD00966,CUST0154,2026-05-12 07:10:56,RETURNED,WEST
ORD00967,CUST0050,2025-10-18 03:14:00,DELIVERED,EAST
ORD00968,CUST0023,2025-09-08 01:50:38,PLACED,WEST
ORD00969,CUST0480,2025-07-13 23:19:14,DELIVERED,WEST
ORD00970,CUST0005,2025-06-27 16:14:38,DELIVERED,NORTH
ORD00971,CUST0360,2026-03-19 04:44:20,DELIVERED,SOUTH
ORD00972,CUST0159,2026-04-16 06:37:11,DELIVERED,SOUTH
ORD00973,,2025-09-23 15:05:52,DELIVERED,EAST
ORD00974,CUST0383,2026-01-18 20:11:43,DELIVERED,WEST
ORD00975,CUST0059,2025-12-19 03:25:15,DELIVERED,NORTH
ORD00976,CUST0196,2025-07-11 10:53:17,DELIVERED,WEST
ORD00977,CUST0297,2026-06-21 23:06:31,DELIVERED,WEST
ORD00978,CUST0457,2025-09-08 06:35:01,DELIVERED,WEST
ORD00979,CUST0369,2026-01-03 10:47:32,DELIVERED,SOUTH
ORD00980,CUST0278,2025-11-09 13:37:17,DELIVERED,WEST
ORD00981,CUST0172,2026-01-18 22:30:46,DELIVERED,EAST
ORD00982,CUST0063,2026-02-23 07:11:09,DELIVERED,WEST
ORD00983,CUST0287,2025-10-27 02:25:52,DELIVERED,NORTH
ORD00984,CUST0303,2025-08-19 12:37:20,DELIVERED,WEST
ORD00985,CUST0017,2025-07-08 02:17:00,DELIVERED,WEST
ORD00986,CUST0199,2025-10-16 05:31:20,CANCELLED,NORTH
ORD00987,CUST0114,2026-06-03 06:08:15,DELIVERED,SOUTH
ORD00988,CUST0480,2025-10-19 05:05:54,DELIVERED,WEST
ORD00989,CUST0276,2026-03-19 21:18:03,DELIVERED,NORTH
ORD00990,CUST0432,2025-12-20 15:18:56,DELIVERED,WEST
ORD00991,CUST0265,2026-05-18 12:17:03,DELIVERED,SOUTH
ORD00992,CUST0114,2026-01-14 19:40:07,DELIVERED,EAST
ORD00993,CUST0395,2026-03-05 10:04:32,DELIVERED,SOUTH
ORD00994,CUST0319,2025-08-04 11:23:55,CANCELLED,WEST
ORD00995,CUST0102,2025-07-06 07:57:52,DELIVERED,WEST
ORD00996,CUST0099,2026-06-11 14:16:15,DELIVERED,SOUTH
ORD00997,CUST0377,2025-11-19 03:41:52,DELIVERED,SOUTH
ORD00998,CUST0002,11-10-2025,SHIPPED,SOUTH
ORD00999,CUST0262,2026-02-23 09:06:01,DELIVERED,SOUTH
ORD01000,CUST0317,2026-06-20 03:36:19,DELIVERED,WEST
